-- MySQL dump 10.13  Distrib 8.0.35, for Linux (x86_64)
--
-- Host: localhost    Database: social_media
-- ------------------------------------------------------
-- Server version	8.0.35-0ubuntu0.22.04.1

/*!40101 SET @OLD_CHARACTER_SET_CLIENT=@@CHARACTER_SET_CLIENT */;
/*!40101 SET @OLD_CHARACTER_SET_RESULTS=@@CHARACTER_SET_RESULTS */;
/*!40101 SET @OLD_COLLATION_CONNECTION=@@COLLATION_CONNECTION */;
/*!50503 SET NAMES utf8mb4 */;
/*!40103 SET @OLD_TIME_ZONE=@@TIME_ZONE */;
/*!40103 SET TIME_ZONE='+00:00' */;
/*!40014 SET @OLD_UNIQUE_CHECKS=@@UNIQUE_CHECKS, UNIQUE_CHECKS=0 */;
/*!40014 SET @OLD_FOREIGN_KEY_CHECKS=@@FOREIGN_KEY_CHECKS, FOREIGN_KEY_CHECKS=0 */;
/*!40101 SET @OLD_SQL_MODE=@@SQL_MODE, SQL_MODE='NO_AUTO_VALUE_ON_ZERO' */;
/*!40111 SET @OLD_SQL_NOTES=@@SQL_NOTES, SQL_NOTES=0 */;

--
-- Table structure for table `active_storage_attachments`
--

DROP TABLE IF EXISTS `active_storage_attachments`;
/*!40101 SET @saved_cs_client     = @@character_set_client */;
/*!50503 SET character_set_client = utf8mb4 */;
CREATE TABLE `active_storage_attachments` (
  `id` bigint NOT NULL AUTO_INCREMENT,
  `name` varchar(255) NOT NULL,
  `record_type` varchar(255) NOT NULL,
  `record_id` bigint NOT NULL,
  `blob_id` bigint NOT NULL,
  `created_at` datetime(6) NOT NULL,
  PRIMARY KEY (`id`),
  UNIQUE KEY `index_active_storage_attachments_uniqueness` (`record_type`,`record_id`,`name`,`blob_id`),
  KEY `index_active_storage_attachments_on_blob_id` (`blob_id`),
  CONSTRAINT `fk_rails_c3b3935057` FOREIGN KEY (`blob_id`) REFERENCES `active_storage_blobs` (`id`)
) ENGINE=InnoDB AUTO_INCREMENT=621 DEFAULT CHARSET=utf8mb4 COLLATE=utf8mb4_0900_ai_ci;
/*!40101 SET character_set_client = @saved_cs_client */;

--
-- Dumping data for table `active_storage_attachments`
--

LOCK TABLES `active_storage_attachments` WRITE;
/*!40000 ALTER TABLE `active_storage_attachments` DISABLE KEYS */;
INSERT INTO `active_storage_attachments` VALUES (4,'background','UserInfo',4,4,'2023-09-25 14:30:06.904924'),(24,'background','UserInfo',1,24,'2023-10-01 12:17:04.669557'),(27,'image','Image',1,27,'2023-10-03 00:00:26.315682'),(28,'avatar','UserInfo',10,28,'2023-10-03 13:40:26.312698'),(29,'avatar','UserInfo',11,29,'2023-10-03 13:41:35.039786'),(31,'image','Image',3,31,'2023-10-03 13:54:03.959221'),(32,'image','Image',4,32,'2023-10-03 14:21:04.909345'),(34,'image','Image',6,34,'2023-10-03 14:28:18.768444'),(36,'image','Image',8,36,'2023-10-03 14:33:49.466921'),(40,'image','Image',12,40,'2023-10-03 15:52:59.570914'),(41,'image','Image',13,41,'2023-10-04 11:08:06.383097'),(42,'image','Image',14,42,'2023-10-04 11:43:14.446788'),(43,'image','Image',15,43,'2023-10-04 11:44:37.408809'),(44,'image','Image',16,44,'2023-10-04 11:46:26.319096'),(45,'image','Image',17,45,'2023-10-04 11:47:26.302493'),(46,'image','Image',18,46,'2023-10-04 11:50:11.477355'),(47,'image','Image',19,47,'2023-10-04 11:53:03.960970'),(48,'image','Image',20,48,'2023-10-04 11:54:27.601286'),(49,'image','Image',21,49,'2023-10-04 11:58:10.113693'),(50,'image','Image',22,50,'2023-10-04 12:12:14.590890'),(51,'image','Image',23,51,'2023-10-04 12:36:23.503418'),(52,'image','Image',26,52,'2023-10-04 12:55:53.969118'),(53,'image','Image',27,53,'2023-10-04 12:59:33.941581'),(54,'image','Image',28,54,'2023-10-04 12:59:51.803825'),(55,'image','Image',29,55,'2023-10-04 13:04:22.894837'),(56,'image','Image',30,56,'2023-10-04 13:07:08.352782'),(57,'image','Image',31,57,'2023-10-04 13:07:21.569330'),(58,'image','Image',32,58,'2023-10-04 13:08:07.342406'),(59,'image','Image',33,59,'2023-10-04 13:08:32.399581'),(62,'image','Image',36,62,'2023-10-04 13:37:56.025916'),(63,'image','Image',37,63,'2023-10-04 13:38:01.102217'),(66,'image','Image',40,66,'2023-10-04 14:13:05.087185'),(67,'image','Image',41,67,'2023-10-04 14:29:42.147976'),(69,'image','Image',43,69,'2023-10-06 19:43:32.914642'),(70,'image','Image',44,70,'2023-10-06 19:52:10.998835'),(71,'image','Image',45,71,'2023-10-06 20:05:52.082832'),(72,'image','Image',46,72,'2023-10-06 20:08:58.070110'),(74,'avatar','UserInfo',14,74,'2023-10-07 08:24:50.463874'),(75,'image','Image',47,75,'2023-10-07 10:18:37.220616'),(76,'image','Image',48,76,'2023-10-08 09:45:12.031830'),(77,'image','Image',49,77,'2023-10-09 11:53:34.943099'),(78,'image','Image',50,78,'2023-10-09 11:54:35.616681'),(79,'image','Image',51,79,'2023-10-09 11:55:06.477756'),(80,'image','Image',52,80,'2023-10-09 11:55:32.330701'),(81,'image','Image',53,81,'2023-10-09 11:55:49.940374'),(82,'image','Image',54,82,'2023-10-09 11:56:23.538866'),(83,'image','Image',55,83,'2023-10-09 11:57:32.483651'),(84,'image','Image',56,84,'2023-10-09 11:58:49.273722'),(85,'image','Image',57,85,'2023-10-09 11:59:11.021382'),(86,'image','Image',58,86,'2023-10-09 12:00:10.626674'),(87,'image','Image',59,87,'2023-10-09 12:00:58.413982'),(88,'image','Image',60,88,'2023-10-09 12:03:12.987298'),(89,'image','Image',61,89,'2023-10-09 12:03:34.020540'),(90,'image','Image',62,90,'2023-10-09 12:06:21.132219'),(91,'image','Image',63,91,'2023-10-09 12:07:15.126698'),(92,'image','Image',64,92,'2023-10-09 12:07:36.905700'),(93,'image','Image',65,93,'2023-10-09 12:08:00.816158'),(94,'image','Image',66,94,'2023-10-09 12:09:15.223911'),(95,'image','Image',67,95,'2023-10-09 12:12:57.455366'),(96,'image','Image',68,96,'2023-10-09 12:13:23.212497'),(97,'image','Image',69,97,'2023-10-09 12:13:44.417427'),(98,'image','Image',70,98,'2023-10-09 12:14:15.295909'),(99,'image','Image',71,99,'2023-10-09 12:21:55.806161'),(100,'image','Image',72,100,'2023-10-09 12:24:32.018471'),(101,'image','Image',73,101,'2023-10-09 13:00:34.205937'),(102,'image','Image',74,102,'2023-10-09 13:00:40.780859'),(103,'image','Image',75,103,'2023-10-09 13:01:15.676824'),(104,'image','Image',76,104,'2023-10-09 13:01:22.064945'),(105,'image','Image',77,105,'2023-10-09 13:02:00.214039'),(106,'image','Image',78,106,'2023-10-09 13:02:25.931281'),(107,'image','Image',79,107,'2023-10-09 13:02:45.531318'),(108,'image','Image',80,108,'2023-10-09 13:03:10.598879'),(109,'image','Image',81,109,'2023-10-09 13:04:50.744391'),(110,'image','Image',82,110,'2023-10-09 13:04:56.827481'),(111,'image','Image',83,111,'2023-10-09 13:05:03.877041'),(112,'image','Image',84,112,'2023-10-09 13:05:41.989905'),(113,'image','Image',85,113,'2023-10-09 13:05:53.922915'),(114,'image','Image',86,114,'2023-10-09 13:06:21.785546'),(115,'image','Image',87,115,'2023-10-09 13:06:25.607137'),(116,'image','Image',88,116,'2023-10-09 13:14:58.361451'),(117,'image','Image',89,117,'2023-10-09 13:15:49.928690'),(118,'image','Image',90,118,'2023-10-09 13:16:11.891275'),(119,'image','Image',91,119,'2023-10-09 13:16:25.985918'),(120,'image','Image',92,120,'2023-10-09 13:16:33.309069'),(121,'image','Image',93,121,'2023-10-09 13:20:22.116297'),(122,'image','Image',94,122,'2023-10-09 13:29:03.411766'),(123,'image','Image',95,123,'2023-10-09 13:29:38.365040'),(124,'image','Image',96,124,'2023-10-09 13:34:27.770595'),(125,'image','Image',97,125,'2023-10-09 13:34:29.270162'),(126,'image','Image',98,126,'2023-10-09 13:34:30.421398'),(127,'image','Image',99,127,'2023-10-09 13:37:57.822089'),(128,'image','Image',100,128,'2023-10-09 13:37:59.674773'),(129,'image','Image',101,129,'2023-10-09 13:38:00.851391'),(131,'image','Image',102,131,'2023-10-09 14:35:29.922545'),(135,'image','Image',103,135,'2023-10-09 14:57:19.454112'),(136,'image','Image',104,136,'2023-10-09 14:57:20.906686'),(137,'image','Image',105,137,'2023-10-09 14:57:22.121682'),(138,'image','Image',106,138,'2023-10-09 14:57:23.315873'),(144,'image','Image',107,144,'2023-10-09 15:25:07.687633'),(145,'image','Image',108,145,'2023-10-09 15:25:09.072379'),(146,'image','Image',109,146,'2023-10-09 15:25:10.150619'),(147,'image','Image',110,147,'2023-10-09 15:25:11.261677'),(148,'image','Image',111,148,'2023-10-09 15:25:12.359478'),(155,'image','Image',112,155,'2023-10-09 16:12:24.351477'),(156,'image','Image',113,156,'2023-10-09 16:12:25.815165'),(157,'image','Image',114,157,'2023-10-09 16:12:27.037431'),(158,'image','Image',115,158,'2023-10-09 16:12:28.247571'),(159,'image','Image',116,159,'2023-10-09 16:14:29.693139'),(160,'image','Image',117,160,'2023-10-09 16:14:31.074343'),(161,'image','Image',118,161,'2023-10-09 16:14:32.262505'),(162,'image','Image',119,162,'2023-10-09 16:14:33.435240'),(163,'image','Image',120,163,'2023-10-09 16:20:10.558559'),(164,'image','Image',121,164,'2023-10-09 16:20:12.073249'),(165,'image','Image',122,165,'2023-10-09 16:20:13.211327'),(166,'image','Image',123,166,'2023-10-09 16:22:49.940704'),(167,'image','Image',124,167,'2023-10-09 16:24:21.252960'),(168,'image','Image',125,168,'2023-10-09 16:24:22.774130'),(169,'image','Image',126,169,'2023-10-09 16:24:23.959991'),(170,'image','Image',127,170,'2023-10-09 16:25:15.342121'),(171,'image','Image',128,171,'2023-10-09 16:27:47.203154'),(172,'image','Image',129,172,'2023-10-09 16:29:39.219106'),(173,'image','Image',130,173,'2023-10-09 16:32:19.398163'),(174,'image','Image',131,174,'2023-10-09 16:32:21.246750'),(175,'image','Image',132,175,'2023-10-09 16:41:05.639512'),(176,'image','Image',133,176,'2023-10-09 16:41:07.496342'),(177,'image','Image',134,177,'2023-10-09 16:41:49.129974'),(178,'image','Image',135,178,'2023-10-09 16:41:50.878476'),(179,'image','Image',136,179,'2023-10-09 17:00:07.506332'),(180,'image','Image',137,180,'2023-10-09 17:00:08.992629'),(181,'image','Image',138,181,'2023-10-09 17:00:10.191188'),(182,'avatar','UserInfo',4,182,'2023-10-10 05:58:09.150712'),(183,'image','Image',139,183,'2023-10-10 06:34:13.702139'),(184,'image','Image',140,184,'2023-10-10 06:34:15.094547'),(185,'image','Image',141,185,'2023-10-10 06:34:35.109945'),(186,'image','Image',142,186,'2023-10-10 06:34:36.276635'),(187,'image','Image',143,187,'2023-10-10 06:52:35.717701'),(188,'image','Image',144,188,'2023-10-10 06:52:37.069645'),(189,'image','Image',145,189,'2023-10-10 06:52:38.068881'),(190,'image','Image',146,190,'2023-10-10 06:52:39.082851'),(191,'image','Image',147,191,'2023-10-10 06:53:21.918382'),(192,'image','Image',148,192,'2023-10-10 06:53:23.235376'),(193,'image','Image',149,193,'2023-10-10 06:53:24.214152'),(194,'image','Image',150,194,'2023-10-10 06:53:25.135624'),(195,'image','Image',151,195,'2023-10-10 07:02:15.822525'),(196,'image','Image',152,196,'2023-10-10 07:02:17.254546'),(197,'image','Image',153,197,'2023-10-10 07:02:18.277900'),(198,'image','Image',154,198,'2023-10-10 07:09:33.769437'),(199,'image','Image',155,199,'2023-10-10 07:09:35.137590'),(200,'image','Image',156,200,'2023-10-10 07:09:36.175785'),(201,'image','Image',157,201,'2023-10-10 07:12:45.350166'),(202,'image','Image',158,202,'2023-10-10 07:12:46.617069'),(203,'image','Image',159,203,'2023-10-10 07:12:47.641164'),(204,'image','Image',160,204,'2023-10-10 07:14:23.688365'),(205,'image','Image',161,205,'2023-10-10 07:14:25.017139'),(206,'image','Image',162,206,'2023-10-10 07:14:26.136618'),(207,'image','Image',163,207,'2023-10-10 07:14:27.160476'),(208,'image','Image',164,208,'2023-10-10 07:15:24.115690'),(209,'image','Image',165,209,'2023-10-10 07:22:26.773925'),(210,'image','Image',166,210,'2023-10-10 07:22:28.124343'),(211,'image','Image',167,211,'2023-10-10 07:22:29.137873'),(212,'image','Image',168,212,'2023-10-10 07:22:30.108848'),(213,'image','Image',169,213,'2023-10-10 07:25:22.659334'),(214,'image','Image',170,214,'2023-10-10 07:25:23.947767'),(215,'image','Image',171,215,'2023-10-10 07:25:24.976443'),(216,'image','Image',172,216,'2023-10-10 07:25:25.908528'),(217,'image','Image',173,217,'2023-10-10 08:50:14.044131'),(218,'image','Image',174,218,'2023-10-10 08:50:15.367465'),(219,'image','Image',175,219,'2023-10-10 08:50:16.395733'),(220,'image','Image',176,220,'2023-10-10 09:31:52.352897'),(221,'image','Image',177,221,'2023-10-10 09:32:03.476021'),(222,'image','Image',178,222,'2023-10-10 09:32:04.639141'),(224,'avatar','UserInfo',1,224,'2023-10-10 09:46:55.293302'),(225,'image','Image',179,225,'2023-10-12 10:37:26.593983'),(226,'image','Image',180,226,'2023-10-12 10:41:29.453686'),(227,'image','Image',181,227,'2023-10-12 19:03:44.601324'),(228,'image','Image',182,228,'2023-10-12 19:21:09.149559'),(229,'image','Image',183,229,'2023-10-12 19:24:47.171716'),(230,'image','Image',184,230,'2023-10-12 19:55:41.376478'),(231,'image','Image',185,231,'2023-10-13 22:37:18.816744'),(232,'image','Image',186,232,'2023-10-13 22:37:30.827768'),(233,'image','Image',187,233,'2023-10-13 23:35:37.291134'),(234,'image','Image',188,234,'2023-10-13 23:36:16.924420'),(235,'image','Image',189,235,'2023-10-13 23:37:09.588401'),(236,'image','Image',190,236,'2023-10-13 23:38:42.190602'),(237,'image','Image',191,237,'2023-10-13 23:39:25.200637'),(238,'image','Image',192,238,'2023-10-13 23:41:42.504513'),(239,'image','Image',193,239,'2023-10-13 23:44:15.311690'),(240,'image','Image',194,240,'2023-10-13 23:50:31.981008'),(241,'image','Image',195,241,'2023-10-13 23:52:18.106027'),(242,'image','Image',196,242,'2023-10-13 23:57:44.820727'),(243,'image','Image',197,243,'2023-10-13 23:58:07.881012'),(244,'image','Image',198,244,'2023-10-13 23:58:32.808748'),(245,'image','Image',199,245,'2023-10-13 23:58:53.150682'),(246,'image','Image',200,246,'2023-10-14 00:03:14.881716'),(247,'image','Image',201,247,'2023-10-14 00:03:27.158344'),(248,'image','Image',202,248,'2023-10-14 00:04:03.048416'),(249,'image','Image',203,249,'2023-10-14 00:04:16.515998'),(250,'image','Image',204,250,'2023-10-14 00:04:46.491306'),(251,'image','Image',205,251,'2023-10-14 07:36:37.183882'),(252,'image','Image',206,252,'2023-10-14 07:37:22.823813'),(253,'image','Image',207,253,'2023-10-14 07:38:34.675564'),(254,'image','Image',208,254,'2023-10-14 07:49:51.108230'),(255,'image','Image',209,255,'2023-10-14 08:26:08.901517'),(256,'image','Image',210,256,'2023-10-14 08:27:14.697436'),(257,'image','Image',211,257,'2023-10-14 08:27:48.977978'),(258,'image','Image',212,258,'2023-10-14 08:31:34.421597'),(259,'image','Image',213,259,'2023-10-14 08:31:56.316046'),(260,'image','Image',214,260,'2023-10-14 08:31:59.218519'),(261,'image','Image',215,261,'2023-10-14 08:32:01.850623'),(262,'image','Image',216,262,'2023-10-14 08:32:04.645838'),(263,'image','Image',217,263,'2023-10-14 08:38:13.083688'),(264,'image','Image',218,264,'2023-10-18 16:00:50.519186'),(265,'image','Image',219,265,'2023-10-19 07:47:34.245484'),(266,'image','Image',220,266,'2023-10-19 07:53:05.891808'),(267,'image','Image',221,267,'2023-10-19 07:57:05.478682'),(268,'image','Image',222,268,'2023-10-19 08:19:49.311787'),(269,'image','Image',223,269,'2023-10-19 08:21:04.702176'),(270,'image','Image',224,270,'2023-10-19 08:21:25.377971'),(271,'image','Image',225,271,'2023-10-19 08:23:28.847109'),(272,'image','Image',226,272,'2023-10-19 08:26:48.893092'),(273,'image','Image',227,273,'2023-10-19 08:28:53.822034'),(274,'image','Image',228,274,'2023-10-20 16:09:15.636939'),(275,'image','Image',229,275,'2023-10-20 16:14:10.465041'),(276,'image','Image',230,276,'2023-10-20 16:17:42.144860'),(277,'image','Image',231,277,'2023-10-20 16:18:41.739426'),(278,'image','Image',232,278,'2023-10-20 16:40:05.499032'),(279,'image','Image',233,279,'2023-10-20 16:41:12.837298'),(280,'image','Image',234,280,'2023-10-20 17:58:59.849712'),(281,'image','Image',235,281,'2023-10-20 18:22:57.356089'),(282,'image','Image',236,282,'2023-10-20 18:23:00.972724'),(283,'image','Image',237,283,'2023-10-20 18:23:03.939959'),(284,'image','Image',238,284,'2023-10-20 18:23:06.696493'),(285,'image','Image',239,285,'2023-10-20 18:23:51.340056'),(286,'image','Image',240,286,'2023-10-20 18:23:56.085735'),(287,'image','Image',241,287,'2023-10-20 18:23:58.860259'),(288,'image','Image',242,288,'2023-10-20 18:24:02.139832'),(289,'image','Image',243,289,'2023-10-20 18:24:05.200536'),(290,'image','Image',244,290,'2023-10-20 19:48:42.697504'),(291,'image','Image',245,291,'2023-10-20 19:52:25.746393'),(292,'image','Image',246,292,'2023-10-20 19:54:43.609541'),(293,'image','Image',247,293,'2023-10-20 20:01:21.566453'),(294,'image','Image',248,294,'2023-10-21 04:38:11.873222'),(295,'image','Image',249,295,'2023-10-21 08:19:34.583237'),(296,'image','Image',250,296,'2023-10-21 08:22:59.738152'),(297,'image','Image',251,297,'2023-10-21 08:23:10.908379'),(298,'image','Image',252,298,'2023-10-21 08:40:57.197108'),(299,'image','Image',253,299,'2023-10-21 08:41:49.968055'),(300,'image','Image',254,300,'2023-10-21 08:42:23.785412'),(301,'image','Image',255,301,'2023-10-21 08:42:41.313636'),(302,'image','Image',256,302,'2023-10-21 09:03:02.269398'),(303,'image','Image',257,303,'2023-10-21 17:12:51.644507'),(304,'image','Image',258,304,'2023-10-22 02:50:53.022923'),(305,'image','Image',259,305,'2023-10-22 03:05:09.405996'),(306,'image','Image',260,306,'2023-11-01 08:13:22.344126'),(307,'image','Image',261,307,'2023-11-02 15:58:51.812348'),(308,'image','Image',262,308,'2023-11-02 16:42:57.146320'),(309,'image','Image',263,309,'2023-11-02 16:44:20.494653'),(310,'image','Image',264,310,'2023-11-02 18:24:54.573852'),(311,'image','Image',265,311,'2023-11-04 04:15:00.981296'),(312,'image','Image',266,312,'2023-11-04 04:16:48.127890'),(313,'image','Image',267,313,'2023-11-04 04:59:41.418804'),(314,'image','Image',268,314,'2023-11-19 17:15:10.234130'),(315,'image','Image',269,315,'2023-11-19 17:19:09.152116'),(316,'image','Image',270,316,'2023-11-19 17:20:35.759491'),(317,'image','Image',271,317,'2023-11-19 17:23:15.988923'),(318,'image','Image',272,318,'2023-11-19 17:48:45.866910'),(319,'image','Image',273,319,'2023-11-20 16:41:48.601354'),(320,'image','Image',274,320,'2023-11-20 16:44:56.779071'),(321,'image','Image',275,321,'2023-11-20 16:50:03.627281'),(327,'image','Image',281,327,'2023-11-22 06:34:26.137288'),(328,'image','Image',282,328,'2023-11-23 14:14:11.242641'),(329,'image','Image',283,329,'2023-11-24 15:35:53.021661'),(330,'image','Image',284,330,'2023-11-24 15:35:53.631256'),(331,'image','Image',285,331,'2023-11-24 15:36:19.666608'),(332,'image','Image',286,332,'2023-11-24 15:44:21.999153'),(333,'image','Image',287,333,'2023-11-24 15:44:22.601022'),(334,'image','Image',288,334,'2023-11-24 15:44:22.900669'),(335,'image','Image',289,335,'2023-11-24 15:44:23.223783'),(336,'image','Image',290,336,'2023-11-24 15:59:17.260779'),(337,'image','Image',291,337,'2023-11-24 15:59:17.907165'),(338,'image','Image',292,338,'2023-11-24 15:59:33.510066'),(339,'image','Image',293,339,'2023-11-24 15:59:33.843298'),(340,'image','Image',294,340,'2023-11-24 15:59:47.278846'),(341,'image','Image',295,341,'2023-11-24 15:59:47.591427'),(342,'image','Image',296,342,'2023-11-24 16:46:13.236278'),(343,'image','Image',297,343,'2023-11-24 16:46:49.723940'),(344,'image','Image',302,344,'2023-11-25 15:28:32.582331'),(349,'image','Image',303,349,'2023-11-26 08:16:40.798813'),(350,'image','Image',304,350,'2023-11-26 08:21:51.281178'),(351,'image','Image',305,351,'2023-11-26 08:25:13.015896'),(360,'image','Image',306,360,'2023-11-26 08:29:52.886506'),(366,'image','Image',307,366,'2023-11-26 08:35:10.140755'),(367,'image','Image',308,367,'2023-11-26 08:36:33.875978'),(432,'image','Image',354,432,'2023-11-26 17:54:03.543302'),(433,'image','Image',355,433,'2023-11-26 18:26:11.390851'),(434,'image','Image',356,434,'2023-11-26 18:27:47.126620'),(439,'image','Image',361,439,'2023-11-27 05:19:10.815233'),(440,'image','Image',362,440,'2023-11-27 05:32:58.435556'),(441,'image','Image',363,441,'2023-11-27 05:34:02.801406'),(444,'image','Image',366,444,'2023-11-27 05:42:51.011442'),(445,'image','Image',367,445,'2023-11-27 05:43:13.263850'),(446,'image','Image',368,446,'2023-11-27 05:43:43.648021'),(447,'image','Image',369,447,'2023-11-27 08:39:12.508401'),(448,'image','Image',370,448,'2023-11-27 08:56:29.190731'),(449,'image','Image',371,449,'2023-11-27 08:57:47.765213'),(450,'image','Image',372,450,'2023-11-27 09:31:00.119917'),(451,'image','Image',373,451,'2023-11-27 09:32:07.638584'),(452,'image','Image',374,452,'2023-11-27 09:34:09.398339'),(453,'image','Image',375,453,'2023-11-27 09:35:38.485743'),(454,'image','Image',376,454,'2023-11-27 17:40:31.400252'),(455,'image','Image',377,455,'2023-11-29 02:06:52.180754'),(456,'image','Image',378,456,'2023-11-29 02:07:07.701202'),(457,'image','Image',379,457,'2023-11-29 03:38:11.437835'),(458,'image','Image',380,458,'2023-11-29 03:38:20.456867'),(459,'image','Image',381,459,'2023-11-29 03:38:30.460448'),(460,'image','Image',382,460,'2023-11-29 03:38:39.377231'),(461,'image','Image',383,461,'2023-11-29 03:38:43.527459'),(462,'image','Image',384,462,'2023-11-29 03:38:45.987991'),(463,'image','Image',385,463,'2023-11-29 03:39:44.931170'),(464,'image','Image',386,464,'2023-11-29 03:41:37.402006'),(465,'image','Image',387,465,'2023-11-29 03:42:55.185974'),(466,'image','Image',388,466,'2023-11-29 03:43:00.440977'),(467,'image','Image',389,467,'2023-11-29 03:45:23.069002'),(468,'image','Image',390,468,'2023-11-29 03:45:30.371839'),(469,'image','Image',391,469,'2023-11-29 03:49:37.727321'),(470,'image','Image',392,470,'2023-11-29 03:49:48.191651'),(471,'image','Image',393,471,'2023-11-29 03:50:23.449419'),(490,'avatar','UserInfo',17,490,'2023-11-30 13:59:58.794980'),(492,'avatar','UserInfo',240,492,'2023-11-30 15:21:59.595912'),(493,'image','Image',403,493,'2023-11-30 17:12:40.090112'),(494,'image','Image',404,494,'2023-12-01 00:45:26.262538'),(495,'image','Image',405,495,'2023-12-01 00:45:26.948012'),(504,'image','Image',410,504,'2023-12-01 07:22:16.182485'),(507,'image','Image',413,507,'2023-12-01 08:12:29.411928'),(512,'image','Image',418,512,'2023-12-01 10:31:30.837717'),(513,'image','Image',419,513,'2023-12-01 10:38:52.595270'),(514,'image','Image',420,514,'2023-12-01 10:39:06.716172'),(515,'image','Image',421,515,'2023-12-01 10:39:08.770282'),(516,'image','Image',422,516,'2023-12-01 10:39:10.996630'),(517,'image','Image',423,517,'2023-12-01 10:40:38.766785'),(518,'image','Image',424,518,'2023-12-01 10:41:14.043523'),(519,'image','Image',425,519,'2023-12-01 10:44:59.597461'),(520,'image','Image',426,520,'2023-12-01 10:46:18.833799'),(521,'image','Image',427,521,'2023-12-01 10:46:21.185371'),(522,'image','Image',428,522,'2023-12-01 10:46:23.264309'),(523,'image','Image',429,523,'2023-12-01 10:46:37.591470'),(524,'image','Image',430,524,'2023-12-01 17:10:21.844763'),(537,'image','Image',439,537,'2023-12-02 08:26:00.732463'),(538,'image','Image',440,538,'2023-12-02 08:27:49.465102'),(539,'avatar','UserInfo',67,539,'2023-12-02 08:30:15.128317'),(540,'image','Image',441,540,'2023-12-05 06:20:14.372787'),(541,'image','Image',442,541,'2023-12-05 16:27:12.146160'),(542,'image','Image',443,542,'2023-12-05 16:38:49.162116'),(543,'image','Image',444,543,'2023-12-05 19:51:42.517724'),(544,'image','Image',445,544,'2023-12-06 03:28:02.273212'),(545,'image','Image',446,545,'2023-12-06 03:30:19.719983'),(546,'image','Image',447,546,'2023-12-06 03:32:32.194140'),(547,'image','Image',448,547,'2023-12-06 03:37:54.767931'),(548,'image','Image',449,548,'2023-12-06 03:40:24.256875'),(549,'image','Image',450,549,'2023-12-06 04:13:22.685308'),(550,'image','Image',451,550,'2023-12-06 10:28:24.925725'),(551,'image','Image',452,551,'2023-12-06 12:03:09.097186'),(552,'image','Image',453,552,'2023-12-06 12:05:49.279321'),(553,'image','Image',454,553,'2023-12-06 12:06:44.757887'),(554,'image','Image',455,554,'2023-12-06 12:08:48.898630'),(555,'image','Image',456,555,'2023-12-06 12:09:01.826654'),(556,'image','Image',457,556,'2023-12-06 13:00:08.021734'),(557,'image','Image',458,557,'2023-12-06 14:39:29.299008'),(600,'image','Image',483,600,'2023-12-07 08:54:47.647727'),(601,'image','Image',484,601,'2023-12-07 09:20:21.876469'),(602,'image','Image',485,602,'2023-12-08 09:41:18.916502'),(603,'image','Image',486,603,'2023-12-08 09:43:13.786639'),(604,'image','Image',487,604,'2023-12-08 09:44:09.592205'),(605,'image','Image',488,605,'2023-12-08 09:44:59.069585'),(606,'image','Image',489,606,'2023-12-08 09:47:44.347300'),(607,'image','Image',490,607,'2023-12-09 04:34:53.913257'),(608,'image','Image',491,608,'2023-12-09 04:34:54.485910'),(609,'image','Image',492,609,'2023-12-09 04:34:54.712666'),(610,'image','Image',493,610,'2023-12-09 04:34:54.954543');
/*!40000 ALTER TABLE `active_storage_attachments` ENABLE KEYS */;
UNLOCK TABLES;

--
-- Table structure for table `active_storage_blobs`
--

DROP TABLE IF EXISTS `active_storage_blobs`;
/*!40101 SET @saved_cs_client     = @@character_set_client */;
/*!50503 SET character_set_client = utf8mb4 */;
CREATE TABLE `active_storage_blobs` (
  `id` bigint NOT NULL AUTO_INCREMENT,
  `key` varchar(255) NOT NULL,
  `filename` varchar(255) NOT NULL,
  `content_type` varchar(255) DEFAULT NULL,
  `metadata` text,
  `service_name` varchar(255) NOT NULL,
  `byte_size` bigint NOT NULL,
  `checksum` varchar(255) DEFAULT NULL,
  `created_at` datetime(6) NOT NULL,
  PRIMARY KEY (`id`),
  UNIQUE KEY `index_active_storage_blobs_on_key` (`key`)
) ENGINE=InnoDB AUTO_INCREMENT=621 DEFAULT CHARSET=utf8mb4 COLLATE=utf8mb4_0900_ai_ci;
/*!40101 SET character_set_client = @saved_cs_client */;

--
-- Dumping data for table `active_storage_blobs`
--

LOCK TABLES `active_storage_blobs` WRITE;
/*!40000 ALTER TABLE `active_storage_blobs` DISABLE KEYS */;
INSERT INTO `active_storage_blobs` VALUES (4,'wxhj303qf53sf25eh2cllvzumt9y','images.jpg','image/jpeg','{\"identified\":true,\"analyzed\":true}','amazon',5448,'4Ct0R2bzipz0ep+k+ayPzA==','2023-09-25 14:30:06.848628'),(24,'iiu577qrwwd4xs038ad3mi3azavq','images (1).jpg','image/jpeg','{\"identified\":true,\"analyzed\":true}','amazon',6338,'lwFbMyhIiZIKee9iP3sumQ==','2023-10-01 12:17:04.601624'),(27,'w50kmch4dgnn7ukwfkyjh4hq9nmf','download.jpg','image/jpeg','{\"identified\":true,\"analyzed\":true}','amazon',11553,'yvAVtX/RwAW5od1J33lmWw==','2023-10-03 00:00:26.260643'),(28,'ellrz08ui5dq3bimuen1nfmhji3n','images (1).jpg','image/jpeg','{\"identified\":true,\"analyzed\":true}','amazon',6338,'lwFbMyhIiZIKee9iP3sumQ==','2023-10-03 13:40:26.260884'),(29,'qqf91k5vdqw63ry1r2g9ao5imqsq','images (1).jpg','image/jpeg','{\"identified\":true,\"analyzed\":true}','amazon',6338,'lwFbMyhIiZIKee9iP3sumQ==','2023-10-03 13:41:34.991365'),(31,'ioyhqhi47376qad3swsa9lbtycpq','download.jpg','image/jpeg','{\"identified\":true,\"analyzed\":true}','amazon',11553,'yvAVtX/RwAW5od1J33lmWw==','2023-10-03 13:54:03.903839'),(32,'0e9tp57tdsnpmngyi5vn94xw53p3','download.jpg','image/jpeg','{\"identified\":true}','amazon',11553,'yvAVtX/RwAW5od1J33lmWw==','2023-10-03 14:21:04.860811'),(34,'a259ww6u4l7f3u7k08mjrchhpzou','download.jpg','image/jpeg','{\"identified\":true}','amazon',11553,'yvAVtX/RwAW5od1J33lmWw==','2023-10-03 14:28:18.712825'),(36,'fx1ae5lbdgl01h5qwv2c2debt7gq','images.jpg','image/jpeg','{\"identified\":true}','amazon',5448,'4Ct0R2bzipz0ep+k+ayPzA==','2023-10-03 14:33:49.419179'),(40,'ewr6k0vs0t18a93xw1vshtuvzncg','download.jpg','image/jpeg','{\"identified\":true,\"analyzed\":true}','amazon',11553,'yvAVtX/RwAW5od1J33lmWw==','2023-10-03 15:52:59.513640'),(41,'6zuxm7ilfr1wipuwqhgoc70twrl2','4122154-middle.png','image/png','{\"identified\":true,\"analyzed\":true}','amazon',23683,'Cz4z3Gqaw8TaG2UHOnNOdw==','2023-10-04 11:08:06.309068'),(42,'vtkas6b2jjiyorojxjljlhir7jlg','4122154-middle.png','image/png','{\"identified\":true,\"analyzed\":true}','amazon',23683,'Cz4z3Gqaw8TaG2UHOnNOdw==','2023-10-04 11:43:14.365872'),(43,'alkt1njty8os20y5mj6c397f0bjk','4122154-middle.png','image/png','{\"identified\":true,\"analyzed\":true}','amazon',23683,'Cz4z3Gqaw8TaG2UHOnNOdw==','2023-10-04 11:44:37.336726'),(44,'bm899q9vz1ltyzgzfk8q78hpd7db','4122154-middle.png','image/png','{\"identified\":true,\"analyzed\":true}','amazon',23683,'Cz4z3Gqaw8TaG2UHOnNOdw==','2023-10-04 11:46:26.243383'),(45,'aepwendb0byvwf144dcporna9ja9','4122154-middle.png','image/png','{\"identified\":true,\"analyzed\":true}','amazon',23683,'Cz4z3Gqaw8TaG2UHOnNOdw==','2023-10-04 11:47:26.223577'),(46,'11enaku0dgjwgxndwelb439flju0','4122154-middle.png','image/png','{\"identified\":true,\"analyzed\":true}','amazon',23683,'Cz4z3Gqaw8TaG2UHOnNOdw==','2023-10-04 11:50:11.395319'),(47,'fx6gj2um1d4dfodd3bmg20y2y6u2','4122154-middle.png','image/png','{\"identified\":true,\"analyzed\":true}','amazon',23683,'Cz4z3Gqaw8TaG2UHOnNOdw==','2023-10-04 11:53:03.876133'),(48,'e62gr3kj10m3vibrtg4detj1nwny','4122154-middle.png','image/png','{\"identified\":true,\"analyzed\":true}','amazon',23683,'Cz4z3Gqaw8TaG2UHOnNOdw==','2023-10-04 11:54:27.515948'),(49,'p7c1cl59vxnxtd942dgmkzz13pd0','4122154-middle.png','image/png','{\"identified\":true,\"analyzed\":true}','amazon',23683,'Cz4z3Gqaw8TaG2UHOnNOdw==','2023-10-04 11:58:09.981862'),(50,'hotkzhok2pjob0bk2q6llgyp19bu','4122154-middle.png','image/png','{\"identified\":true,\"analyzed\":true}','amazon',23683,'Cz4z3Gqaw8TaG2UHOnNOdw==','2023-10-04 12:12:14.290460'),(51,'1uj3579yqu8ecjmwhe77atwnv5j8','background.jpeg','image/jpeg','{\"identified\":true,\"analyzed\":true}','amazon',4024,'S47NZKO1p3ALDwctQjrDlg==','2023-10-04 12:36:23.219181'),(52,'l3m6emk5z8mdk00mp8gyplx4tg4u','4122154-middle.png','image/png','{\"identified\":true,\"analyzed\":true}','amazon',23683,'Cz4z3Gqaw8TaG2UHOnNOdw==','2023-10-04 12:55:53.884675'),(53,'j1k1fk8z3osl616tt3wvm2hrcmeu','4122154-middle.png','image/png','{\"identified\":true,\"analyzed\":true}','amazon',23683,'Cz4z3Gqaw8TaG2UHOnNOdw==','2023-10-04 12:59:33.852420'),(54,'w6zauw9rn0bh0v6vpz7aexs30mph','background.jpeg','image/jpeg','{\"identified\":true,\"analyzed\":true}','amazon',4024,'S47NZKO1p3ALDwctQjrDlg==','2023-10-04 12:59:51.462336'),(55,'rwm0ixyv7kytzz1weviw4h7r7mjl','background.jpeg','image/jpeg','{\"identified\":true,\"analyzed\":true}','amazon',4024,'S47NZKO1p3ALDwctQjrDlg==','2023-10-04 13:04:22.806589'),(56,'kiv5e9qaqgiq8km56evdwhob2i4k','4122154-middle.png','image/png','{\"identified\":true,\"analyzed\":true}','amazon',23683,'Cz4z3Gqaw8TaG2UHOnNOdw==','2023-10-04 13:07:08.263402'),(57,'cqnim2ntgmjtvo99atyfacgt9d09','background.jpeg','image/jpeg','{\"identified\":true,\"analyzed\":true}','amazon',4024,'S47NZKO1p3ALDwctQjrDlg==','2023-10-04 13:07:21.473572'),(58,'z6h62wc5l3k3rfej9765jwlvzebb','background.jpeg','image/jpeg','{\"identified\":true,\"analyzed\":true}','amazon',4024,'S47NZKO1p3ALDwctQjrDlg==','2023-10-04 13:08:07.267528'),(59,'xz9i54pyqyhuwwn1iz5ln4nu06x5','background.jpeg','image/jpeg','{\"identified\":true,\"analyzed\":true}','amazon',4024,'S47NZKO1p3ALDwctQjrDlg==','2023-10-04 13:08:32.315743'),(62,'p0ex18njplkuamgxror9bv3pu9q4','380814919_1268990633764524_7040189853800255911_n.jpg','image/jpeg','{\"identified\":true,\"analyzed\":true}','amazon',122470,'px4jBuOgqypmVE7MLPyqsQ==','2023-10-04 13:37:55.959458'),(63,'f50f95g05vfsggzav3fyjv38qae3','362630674_3496252393961433_1059825531598717813_n.jpg','image/jpeg','{\"identified\":true,\"analyzed\":true}','amazon',355355,'UQ618K9tV8FDTZ1jRHYL+Q==','2023-10-04 13:38:01.033019'),(66,'pw47r05jsdge6cflgfgv0vrwjxgx','4122154-middle.png','image/png','{\"identified\":true,\"analyzed\":true}','amazon',23683,'Cz4z3Gqaw8TaG2UHOnNOdw==','2023-10-04 14:13:04.996059'),(67,'j0cutgv1cg84dd9f64t8vw63rugm','380814919_1268990633764524_7040189853800255911_n.jpg','image/jpeg','{\"identified\":true,\"analyzed\":true}','amazon',122470,'px4jBuOgqypmVE7MLPyqsQ==','2023-10-04 14:29:42.098900'),(69,'gw4casdqmp1ulw1b5m8wqs4sms9d','4122154-middle.png','image/png','{\"identified\":true}','amazon',23683,'Cz4z3Gqaw8TaG2UHOnNOdw==','2023-10-06 19:43:32.844879'),(70,'gdvuuhaw3lz4vz32shszdzhihu7e','4122154-middle.png','image/png','{\"identified\":true,\"analyzed\":true}','amazon',23683,'Cz4z3Gqaw8TaG2UHOnNOdw==','2023-10-06 19:52:10.938838'),(71,'1ptggjwnfe964ed84knlralg6lcj','_Chức năng theo dõi phim.drawio (1).png','image/png','{\"identified\":true,\"analyzed\":true}','amazon',36251,'CWF39YMq9ZjjdQSGmvQOfw==','2023-10-06 20:05:52.023138'),(72,'dju7i93eytibhv5dqexe9am5hn4r','_Chức năng theo dõi phim.drawio (2).png','image/png','{\"identified\":true,\"analyzed\":true}','amazon',37279,'cQsFMNzj03qdmqgNmD0d0g==','2023-10-06 20:08:58.010569'),(74,'2va5sn6i4o9pato1x4e6v9paj033','download.png','image/png','{\"identified\":true,\"analyzed\":true}','amazon',7069,'1PqH1FONJrWd8FUUqIxExQ==','2023-10-07 08:24:50.406042'),(75,'88jmm0lavf4gc68kcxonrknc8yld','05af78661f7e975be28d5691e4f1db67.jpg','image/jpeg','{\"identified\":true,\"analyzed\":true}','amazon',22490,'nUjWPP7zxV1gAzlYbIhNcQ==','2023-10-07 10:18:37.160616'),(76,'4l7888ax15cvn0b6pr7b6g8dvs81','05af78661f7e975be28d5691e4f1db67.jpg','image/jpeg','{\"identified\":true,\"analyzed\":true}','amazon',22490,'nUjWPP7zxV1gAzlYbIhNcQ==','2023-10-08 09:45:11.973326'),(77,'xrhsl3mexhaec1zal5y8l39jeksr','_Chức năng theo dõi phim.drawio (1).png','image/png','{\"identified\":true,\"analyzed\":true}','amazon',36251,'CWF39YMq9ZjjdQSGmvQOfw==','2023-10-09 11:53:34.879789'),(78,'vtht7kk3ghodvj5u0fnmsj4qqo23','_Chức năng theo dõi phim.drawio (1).png','image/png','{\"identified\":true,\"analyzed\":true}','amazon',36251,'CWF39YMq9ZjjdQSGmvQOfw==','2023-10-09 11:54:35.555742'),(79,'kglr1t5mydht25rxkwcx9h9owq90','_Chức năng theo dõi phim.drawio (1).png','image/png','{\"identified\":true,\"analyzed\":true}','amazon',36251,'CWF39YMq9ZjjdQSGmvQOfw==','2023-10-09 11:55:06.414104'),(80,'kenvyb3shs1hu71sngjoyl7qktiy','_Chức năng theo dõi phim.drawio (1).png','image/png','{\"identified\":true,\"analyzed\":true}','amazon',36251,'CWF39YMq9ZjjdQSGmvQOfw==','2023-10-09 11:55:32.270919'),(81,'na2p38ypx70cmmykk5o6f2lf6aun','_Chức năng theo dõi phim.drawio (1).png','image/png','{\"identified\":true,\"analyzed\":true}','amazon',36251,'CWF39YMq9ZjjdQSGmvQOfw==','2023-10-09 11:55:49.876924'),(82,'6ctyh4bghhmo18sv40624tjsawyp','_Chức năng theo dõi phim.drawio (1).png','image/png','{\"identified\":true,\"analyzed\":true}','amazon',36251,'CWF39YMq9ZjjdQSGmvQOfw==','2023-10-09 11:56:23.478533'),(83,'v56it7vlnihfsf8s0tnbu2h2vzcu','_Lưu phim yêu thích.drawio (1).png','image/png','{\"identified\":true,\"analyzed\":true}','amazon',38338,'YMyzDQxla4fp46U3DZXASA==','2023-10-09 11:57:32.419705'),(84,'5k6tb8v95rg8unbfy3y742gnejfo','_Chức năng theo dõi phim.drawio (1).png','image/png','{\"identified\":true,\"analyzed\":true}','amazon',36251,'CWF39YMq9ZjjdQSGmvQOfw==','2023-10-09 11:58:49.214539'),(85,'joa9aw0i2u6oboa1jvf9rbjmc7yw','_Chức năng theo dõi phim.drawio (1).png','image/png','{\"identified\":true,\"analyzed\":true}','amazon',36251,'CWF39YMq9ZjjdQSGmvQOfw==','2023-10-09 11:59:10.957139'),(86,'czr2w8z8sddgwasczgbjjdfetp0i','_Chức năng theo dõi phim.drawio (1).png','image/png','{\"identified\":true,\"analyzed\":true}','amazon',36251,'CWF39YMq9ZjjdQSGmvQOfw==','2023-10-09 12:00:10.566981'),(87,'f5miwa21si6d4cawqiiysx7rcpj5','_Chức năng theo dõi phim.drawio (1).png','image/png','{\"identified\":true,\"analyzed\":true}','amazon',36251,'CWF39YMq9ZjjdQSGmvQOfw==','2023-10-09 12:00:58.350371'),(88,'7dsq71uzbgvklj8ouc89wz95jnbm','_Chức năng theo dõi phim.drawio (1).png','image/png','{\"identified\":true,\"analyzed\":true}','amazon',36251,'CWF39YMq9ZjjdQSGmvQOfw==','2023-10-09 12:03:12.927847'),(89,'t7m8id2g0trll4mgthrv8adqxbm3','356812312_685887560202619_1356059778788980677_n.jpg','image/jpeg','{\"identified\":true,\"analyzed\":true}','amazon',151853,'SKt6H8FFCq8CBz0BgUDd0w==','2023-10-09 12:03:33.957027'),(90,'ta9kly868c1n4je6m5k5zr4g1475','_Chức năng theo dõi phim.drawio (1).png','image/png','{\"identified\":true,\"analyzed\":true}','amazon',36251,'CWF39YMq9ZjjdQSGmvQOfw==','2023-10-09 12:06:21.071658'),(91,'z7pjrwze1fho8056tp2b7tvk45kh','_Chức năng theo dõi phim.drawio (1).png','image/png','{\"identified\":true,\"analyzed\":true}','amazon',36251,'CWF39YMq9ZjjdQSGmvQOfw==','2023-10-09 12:07:15.063121'),(92,'2fqnwsrs5n5szjasy6zop3zj9xfl','_Chức năng theo dõi phim.drawio (1).png','image/png','{\"identified\":true,\"analyzed\":true}','amazon',36251,'CWF39YMq9ZjjdQSGmvQOfw==','2023-10-09 12:07:36.847675'),(93,'b8a9t679lqxtu17nx6t6a69a7val','_Chức năng theo dõi phim.drawio (1).png','image/png','{\"identified\":true,\"analyzed\":true}','amazon',36251,'CWF39YMq9ZjjdQSGmvQOfw==','2023-10-09 12:08:00.753156'),(94,'8pf2rfryjfmg1fg4yw6s6av0f7ti','_Chức năng theo dõi phim.drawio (1).png','image/png','{\"identified\":true,\"analyzed\":true}','amazon',36251,'CWF39YMq9ZjjdQSGmvQOfw==','2023-10-09 12:09:15.163263'),(95,'y4nsea0uumf9tz6ddnknc5q0bj3a','_Chức năng theo dõi phim.drawio (1).png','image/png','{\"identified\":true,\"analyzed\":true}','amazon',36251,'CWF39YMq9ZjjdQSGmvQOfw==','2023-10-09 12:12:57.392453'),(96,'53qq7t2jr6e63ul5j60o1ym3jpz6','_Chức năng theo dõi phim.drawio (1).png','image/png','{\"identified\":true,\"analyzed\":true}','amazon',36251,'CWF39YMq9ZjjdQSGmvQOfw==','2023-10-09 12:13:23.156924'),(97,'4jwx38saei5n5mj6ex5w1e9vg7pr','_Chức năng theo dõi phim.drawio (2).png','image/png','{\"identified\":true,\"analyzed\":true}','amazon',37279,'cQsFMNzj03qdmqgNmD0d0g==','2023-10-09 12:13:44.353276'),(98,'x76l1zvoicxvk2dw3oe5hmcc1atr','_Chức năng theo dõi phim.drawio (1).png','image/png','{\"identified\":true,\"analyzed\":true}','amazon',36251,'CWF39YMq9ZjjdQSGmvQOfw==','2023-10-09 12:14:15.238120'),(99,'ka30uqfaw6p8fu3fbl6u0j7c0ze4','_Chức năng theo dõi phim.drawio (1).png','image/png','{\"identified\":true,\"analyzed\":true}','amazon',36251,'CWF39YMq9ZjjdQSGmvQOfw==','2023-10-09 12:21:55.746986'),(100,'lezlpul9t751syt6si67z66i2vsy','_Chức năng theo dõi phim.drawio (1).png','image/png','{\"identified\":true,\"analyzed\":true}','amazon',36251,'CWF39YMq9ZjjdQSGmvQOfw==','2023-10-09 12:24:31.957907'),(101,'1n1tpec3of4gf7mcahh8ad09365v','_Chức năng theo dõi phim.drawio (1).png','image/png','{\"identified\":true,\"analyzed\":true}','amazon',36251,'CWF39YMq9ZjjdQSGmvQOfw==','2023-10-09 13:00:34.138139'),(102,'5dfqdfmvztzlhbp4dgccyahmubyp','_Chức năng theo dõi phim.drawio (2).png','image/png','{\"identified\":true,\"analyzed\":true}','amazon',37279,'cQsFMNzj03qdmqgNmD0d0g==','2023-10-09 13:00:40.721515'),(103,'787oalh97r95szu8topxo2xj8ocm','_Chức năng theo dõi phim.drawio (1).png','image/png','{\"identified\":true,\"analyzed\":true}','amazon',36251,'CWF39YMq9ZjjdQSGmvQOfw==','2023-10-09 13:01:15.609351'),(104,'7586d2ef82axpfoocyzou7bbbrfh','_Lưu phim yêu thích.drawio (1).png','image/png','{\"identified\":true,\"analyzed\":true}','amazon',38338,'YMyzDQxla4fp46U3DZXASA==','2023-10-09 13:01:22.005490'),(105,'z3wl9duxz1er1nlu3tkbbkrdrrmu','_Chức năng theo dõi phim.drawio (1).png','image/png','{\"identified\":true,\"analyzed\":true}','amazon',36251,'CWF39YMq9ZjjdQSGmvQOfw==','2023-10-09 13:02:00.145838'),(106,'3ue75693y2n1ujltvp8f52zggq4b','_Lưu phim yêu thích.drawio (1).png','image/png','{\"identified\":true,\"analyzed\":true}','amazon',38338,'YMyzDQxla4fp46U3DZXASA==','2023-10-09 13:02:25.869729'),(107,'nxb4j6hzrem9sjhxjr3qzy3ds2ig','_Chức năng theo dõi phim.drawio.png','image/png','{\"identified\":true,\"analyzed\":true}','amazon',34402,'ArhX8APpdkRVYxI1kswlYw==','2023-10-09 13:02:45.461932'),(108,'cf9ap4qhh5cmb4smczunlhvkawe3','_Lưu phim yêu thích.drawio.png','image/png','{\"identified\":true,\"analyzed\":true}','amazon',37242,'9uToGGqIQOgenPRENf1KlA==','2023-10-09 13:03:10.539713'),(109,'fw0tlva1bcmgufjmhgslij9wj278','_Chức năng theo dõi phim.drawio (1).png','image/png','{\"identified\":true,\"analyzed\":true}','amazon',36251,'CWF39YMq9ZjjdQSGmvQOfw==','2023-10-09 13:04:50.685577'),(110,'1c4tv2fr3yma9uztbv33au354sg0','_Lưu phim yêu thích.drawio.png','image/png','{\"identified\":true,\"analyzed\":true}','amazon',37242,'9uToGGqIQOgenPRENf1KlA==','2023-10-09 13:04:56.759897'),(111,'m5x2ns6qqyvjt3ey4flejv4fq6va','_Lưu phim yêu thích.drawio (1).png','image/png','{\"identified\":true,\"analyzed\":true}','amazon',38338,'YMyzDQxla4fp46U3DZXASA==','2023-10-09 13:05:03.817574'),(112,'o5b31xkvetyb1iy5e7a8f0kf4atg','_Chức năng theo dõi phim.drawio (2).png','image/png','{\"identified\":true,\"analyzed\":true}','amazon',37279,'cQsFMNzj03qdmqgNmD0d0g==','2023-10-09 13:05:41.921816'),(113,'7r1yk6yh19i2uh82wtijdu6opc4g','_Lưu phim yêu thích.drawio (1).png','image/png','{\"identified\":true,\"analyzed\":true}','amazon',38338,'YMyzDQxla4fp46U3DZXASA==','2023-10-09 13:05:53.864333'),(114,'d35hpv5lfddjkpxejl27karylb59','_Chức năng theo dõi phim.drawio (1).png','image/png','{\"identified\":true,\"analyzed\":true}','amazon',36251,'CWF39YMq9ZjjdQSGmvQOfw==','2023-10-09 13:06:21.717376'),(115,'p050dqbbqjtkcw2mkklzn9h9qpfk','_Chức năng theo dõi phim.drawio (2).png','image/png','{\"identified\":true,\"analyzed\":true}','amazon',37279,'cQsFMNzj03qdmqgNmD0d0g==','2023-10-09 13:06:25.546344'),(116,'u2f9atuj8xmwr0rfxpesumeizrr9','_Chức năng theo dõi phim.drawio (1).png','image/png','{\"identified\":true,\"analyzed\":true}','amazon',36251,'CWF39YMq9ZjjdQSGmvQOfw==','2023-10-09 13:14:58.299717'),(117,'v0f02ab1bcdp4xdt0oo3vtrt2yei','_Chức năng theo dõi phim.drawio (1).png','image/png','{\"identified\":true,\"analyzed\":true}','amazon',36251,'CWF39YMq9ZjjdQSGmvQOfw==','2023-10-09 13:15:49.866777'),(118,'a4hh51he9ffqze3nj9oibgqy859s','_Chức năng theo dõi phim.drawio.png','image/png','{\"identified\":true,\"analyzed\":true}','amazon',34402,'ArhX8APpdkRVYxI1kswlYw==','2023-10-09 13:16:11.826240'),(119,'mooehl474h9bt6j785kptw1fpxqh','_Chức năng theo dõi phim.drawio.png','image/png','{\"identified\":true,\"analyzed\":true}','amazon',34402,'ArhX8APpdkRVYxI1kswlYw==','2023-10-09 13:16:25.927690'),(120,'4g3eelkk1m0qrjo10mr379pbxewg','_Lưu phim yêu thích.drawio.png','image/png','{\"identified\":true,\"analyzed\":true}','amazon',37242,'9uToGGqIQOgenPRENf1KlA==','2023-10-09 13:16:33.243857'),(121,'ucjqm3njcznuaw4u88rb3nvrpftj','_Lưu phim yêu thích.drawio.png','image/png','{\"identified\":true,\"analyzed\":true}','amazon',37242,'9uToGGqIQOgenPRENf1KlA==','2023-10-09 13:20:22.049549'),(122,'i87org6ef9uqrlhc3q22hllq6jmr','_Lưu phim yêu thích.drawio (1).png','image/png','{\"identified\":true,\"analyzed\":true}','amazon',38338,'YMyzDQxla4fp46U3DZXASA==','2023-10-09 13:29:03.347916'),(123,'gt21k5m43cx4xqdba5c7c1hy1o8r','_Chức năng theo dõi phim.drawio (1).png','image/png','{\"identified\":true,\"analyzed\":true}','amazon',36251,'CWF39YMq9ZjjdQSGmvQOfw==','2023-10-09 13:29:38.306255'),(124,'74xaux3vw09tzxb3kl3jolqw54g7','_Chức năng theo dõi phim.drawio (1).png','image/png','{\"identified\":true,\"analyzed\":true}','amazon',36251,'CWF39YMq9ZjjdQSGmvQOfw==','2023-10-09 13:34:27.702962'),(125,'npjn3i22xzqtr4rked54dylp2oix','_Chức năng theo dõi phim.drawio (2).png','image/png','{\"identified\":true,\"analyzed\":true}','amazon',37279,'cQsFMNzj03qdmqgNmD0d0g==','2023-10-09 13:34:29.211433'),(126,'si8cj3rqf1ew19xqswqon751lgk1','_Chức năng theo dõi phim.drawio.png','image/png','{\"identified\":true,\"analyzed\":true}','amazon',34402,'ArhX8APpdkRVYxI1kswlYw==','2023-10-09 13:34:30.362002'),(127,'zxsn8j0wcrj94scmnxra9iz71v6g','_Chức năng theo dõi phim.drawio (1).png','image/png','{\"identified\":true,\"analyzed\":true}','amazon',36251,'CWF39YMq9ZjjdQSGmvQOfw==','2023-10-09 13:37:57.756407'),(128,'s85kzu7lexga7q4og652pf85u1gv','_Chức năng theo dõi phim.drawio (2).png','image/png','{\"identified\":true,\"analyzed\":true}','amazon',37279,'cQsFMNzj03qdmqgNmD0d0g==','2023-10-09 13:37:59.615551'),(129,'ig0kszww7i8rdu89djh053int5c2','_Chức năng theo dõi phim.drawio.png','image/png','{\"identified\":true,\"analyzed\":true}','amazon',34402,'ArhX8APpdkRVYxI1kswlYw==','2023-10-09 13:38:00.786076'),(131,'o8tirvqpx9nhpfgsjqprf5scttug','4122154-middle.png','image/png','{\"identified\":true,\"analyzed\":true}','amazon',23683,'Cz4z3Gqaw8TaG2UHOnNOdw==','2023-10-09 14:35:29.852104'),(135,'o7r3010097159b55xddjht600pq8','_Chức năng theo dõi phim.drawio (1).png','image/png','{\"identified\":true,\"analyzed\":true}','amazon',36251,'CWF39YMq9ZjjdQSGmvQOfw==','2023-10-09 14:57:19.385237'),(136,'ahm5cpsxkzb6pdo3aqxwowtrq60p','_Chức năng theo dõi phim.drawio (2).png','image/png','{\"identified\":true,\"analyzed\":true}','amazon',37279,'cQsFMNzj03qdmqgNmD0d0g==','2023-10-09 14:57:20.837112'),(137,'x7zzv84vf9lc30qsxab4dy46k1ky','_Chức năng theo dõi phim.drawio.png','image/png','{\"identified\":true,\"analyzed\":true}','amazon',34402,'ArhX8APpdkRVYxI1kswlYw==','2023-10-09 14:57:22.052826'),(138,'gjtrkyd9k29ng175sgq4c1tins1l','_Lưu phim yêu thích.drawio (1).png','image/png','{\"identified\":true,\"analyzed\":true}','amazon',38338,'YMyzDQxla4fp46U3DZXASA==','2023-10-09 14:57:23.246642'),(144,'bf0did670yncrod0fmhru8u1mb4u','_Chức năng theo dõi phim.drawio (1).png','image/png','{\"identified\":true,\"analyzed\":true}','amazon',36251,'CWF39YMq9ZjjdQSGmvQOfw==','2023-10-09 15:25:07.627662'),(145,'z4t4jzhbpcc0v0a19yethcdnn0e6','_Chức năng theo dõi phim.drawio (2).png','image/png','{\"identified\":true,\"analyzed\":true}','amazon',37279,'cQsFMNzj03qdmqgNmD0d0g==','2023-10-09 15:25:09.013317'),(146,'xoq58sn61xwuzq2ely6ku0vrtil1','_Chức năng theo dõi phim.drawio.png','image/png','{\"identified\":true,\"analyzed\":true}','amazon',34402,'ArhX8APpdkRVYxI1kswlYw==','2023-10-09 15:25:10.092166'),(147,'w3exv76ebt95tpl85f8gvcbmcbky','_Lưu phim yêu thích.drawio (1).png','image/png','{\"identified\":true,\"analyzed\":true}','amazon',38338,'YMyzDQxla4fp46U3DZXASA==','2023-10-09 15:25:11.202264'),(148,'fuqf2lmlwfsaekxzy0kdpd4p9pt7','_Lưu phim yêu thích.drawio.png','image/png','{\"identified\":true,\"analyzed\":true}','amazon',37242,'9uToGGqIQOgenPRENf1KlA==','2023-10-09 15:25:12.300373'),(155,'bx5c7yt2qw4pdlgmejc4l6j7v4op','_Chức năng theo dõi phim.drawio (1).png','image/png','{\"identified\":true,\"analyzed\":true}','amazon',36251,'CWF39YMq9ZjjdQSGmvQOfw==','2023-10-09 16:12:24.292631'),(156,'ros4k7ji9smbxdx03amyq3sr7ucp','_Chức năng theo dõi phim.drawio (2).png','image/png','{\"identified\":true,\"analyzed\":true}','amazon',37279,'cQsFMNzj03qdmqgNmD0d0g==','2023-10-09 16:12:25.756095'),(157,'kews69fzm8abwu1vd7pb6zy99jdx','_Chức năng theo dõi phim.drawio.png','image/png','{\"identified\":true,\"analyzed\":true}','amazon',34402,'ArhX8APpdkRVYxI1kswlYw==','2023-10-09 16:12:26.975677'),(158,'tslel7pym8g6qorifsbkb00drzkh','_Lưu phim yêu thích.drawio (1).png','image/png','{\"identified\":true,\"analyzed\":true}','amazon',38338,'YMyzDQxla4fp46U3DZXASA==','2023-10-09 16:12:28.188556'),(159,'lbv3k0vwt1ts2821bdcmw6opxp46','_Chức năng theo dõi phim.drawio (1).png','image/png','{\"identified\":true,\"analyzed\":true}','amazon',36251,'CWF39YMq9ZjjdQSGmvQOfw==','2023-10-09 16:14:29.630298'),(160,'owwgzgobogamk550v6z2opoi3ndm','_Chức năng theo dõi phim.drawio (2).png','image/png','{\"identified\":true,\"analyzed\":true}','amazon',37279,'cQsFMNzj03qdmqgNmD0d0g==','2023-10-09 16:14:31.011547'),(161,'2umjbatj7xnt3ew7ba7lp8eznzxm','_Chức năng theo dõi phim.drawio.png','image/png','{\"identified\":true,\"analyzed\":true}','amazon',34402,'ArhX8APpdkRVYxI1kswlYw==','2023-10-09 16:14:32.201492'),(162,'g36h2nef0jk5uiufdncnnifbtpd8','_Lưu phim yêu thích.drawio (1).png','image/png','{\"identified\":true,\"analyzed\":true}','amazon',38338,'YMyzDQxla4fp46U3DZXASA==','2023-10-09 16:14:33.373562'),(163,'k9euxbp1zwztloxtqevkmdia2i3x','_Chức năng theo dõi phim.drawio (1).png','image/png','{\"identified\":true,\"analyzed\":true}','amazon',36251,'CWF39YMq9ZjjdQSGmvQOfw==','2023-10-09 16:20:10.498976'),(164,'5oyo370ov3mszjl8pi7r4r34cliz','_Chức năng theo dõi phim.drawio (2).png','image/png','{\"identified\":true,\"analyzed\":true}','amazon',37279,'cQsFMNzj03qdmqgNmD0d0g==','2023-10-09 16:20:12.014050'),(165,'la21tg344vxpc54cix1f81y402c2','_Chức năng theo dõi phim.drawio.png','image/png','{\"identified\":true,\"analyzed\":true}','amazon',34402,'ArhX8APpdkRVYxI1kswlYw==','2023-10-09 16:20:13.152311'),(166,'ko7dov5xplwft17kx3if354xn6ps','_Chức năng theo dõi phim.drawio (1).png','image/png','{\"identified\":true,\"analyzed\":true}','amazon',36251,'CWF39YMq9ZjjdQSGmvQOfw==','2023-10-09 16:22:49.873708'),(167,'rzbruab3yk11hlh65vsvaapo0wlp','_Chức năng theo dõi phim.drawio (1).png','image/png','{\"identified\":true,\"analyzed\":true}','amazon',36251,'CWF39YMq9ZjjdQSGmvQOfw==','2023-10-09 16:24:21.193512'),(168,'0mjqji8svdxx6ornr3hhspvlv8zi','_Chức năng theo dõi phim.drawio (2).png','image/png','{\"identified\":true,\"analyzed\":true}','amazon',37279,'cQsFMNzj03qdmqgNmD0d0g==','2023-10-09 16:24:22.707764'),(169,'7ega3fm4qli2ynitwd8ori49c0tt','_Chức năng theo dõi phim.drawio.png','image/png','{\"identified\":true,\"analyzed\":true}','amazon',34402,'ArhX8APpdkRVYxI1kswlYw==','2023-10-09 16:24:23.893150'),(170,'ucskw256eazlk261absuqk1l6jp2','_Chức năng theo dõi phim.drawio (2).png','image/png','{\"identified\":true,\"analyzed\":true}','amazon',37279,'cQsFMNzj03qdmqgNmD0d0g==','2023-10-09 16:25:15.282444'),(171,'7my359bfcrjlx3tbwehdz021598z','_Chức năng theo dõi phim.drawio (1).png','image/png','{\"identified\":true,\"analyzed\":true}','amazon',36251,'CWF39YMq9ZjjdQSGmvQOfw==','2023-10-09 16:27:47.135158'),(172,'g23p4ly1dygcfxk4y6s9579ndvl8','Ảnh chụp Màn hình 2023-04-08 lúc 21.21.09.png','image/png','{\"identified\":true,\"analyzed\":true}','amazon',1712671,'sm8gOQChgDBCWZ86I2yh8g==','2023-10-09 16:29:39.159737'),(173,'rvleb5olitpaqo0wgaizwo1eyh3r','Ảnh chụp Màn hình 2023-04-08 lúc 21.21.09.png','image/png','{\"identified\":true,\"analyzed\":true}','amazon',1712671,'sm8gOQChgDBCWZ86I2yh8g==','2023-10-09 16:32:19.329759'),(174,'tyhb3gbh6qacv0ei7gfn316o1rez','Ảnh chụp Màn hình 2023-04-27 lúc 22.29.08.png','image/png','{\"identified\":true,\"analyzed\":true}','amazon',185032,'ZlEVFzdReFTvbQzvvv0lMQ==','2023-10-09 16:32:21.187773'),(175,'7l3kjhtq32vqu3q27obsjguj4gyy','Ảnh chụp Màn hình 2023-04-08 lúc 21.21.09.png','image/png','{\"identified\":true,\"analyzed\":true}','amazon',1712671,'sm8gOQChgDBCWZ86I2yh8g==','2023-10-09 16:41:05.568968'),(176,'mk66u5cz55ntwh5k1ialuww0yzx9','Ảnh chụp Màn hình 2023-04-27 lúc 22.29.08.png','image/png','{\"identified\":true,\"analyzed\":true}','amazon',185032,'ZlEVFzdReFTvbQzvvv0lMQ==','2023-10-09 16:41:07.426702'),(177,'b2j56oiqc68aam732u0j5dphda49','Ảnh chụp Màn hình 2023-04-08 lúc 21.21.09.png','image/png','{\"identified\":true,\"analyzed\":true}','amazon',1712671,'sm8gOQChgDBCWZ86I2yh8g==','2023-10-09 16:41:49.069532'),(178,'lfh7u4ojf8yhhtuoxmks56ag6xaq','Ảnh chụp Màn hình 2023-04-27 lúc 22.29.08.png','image/png','{\"identified\":true,\"analyzed\":true}','amazon',185032,'ZlEVFzdReFTvbQzvvv0lMQ==','2023-10-09 16:41:50.818334'),(179,'ifrxmwdoqzq6eewcaox70i3eobjq','_Chức năng theo dõi phim.drawio (1).png','image/png','{\"identified\":true,\"analyzed\":true}','amazon',36251,'CWF39YMq9ZjjdQSGmvQOfw==','2023-10-09 17:00:07.441794'),(180,'uuoogcbwy3p25q4njh1uhkb4n67l','_Chức năng theo dõi phim.drawio (2).png','image/png','{\"identified\":true,\"analyzed\":true}','amazon',37279,'cQsFMNzj03qdmqgNmD0d0g==','2023-10-09 17:00:08.926274'),(181,'ajwxyrkapv1n0rb9gch2so9357of','_Chức năng theo dõi phim.drawio.png','image/png','{\"identified\":true,\"analyzed\":true}','amazon',34402,'ArhX8APpdkRVYxI1kswlYw==','2023-10-09 17:00:10.133444'),(182,'kjswuzjmkxfh259dv9eztkelh17p','badmin.jpeg','image/jpeg','{\"identified\":true,\"analyzed\":true}','amazon',16516,'A8N5uUczfHGgZ6TNCPsvnw==','2023-10-10 05:58:09.098540'),(183,'v9nh3gyq75ijcw5c8dwmped2p69x','casau.jpeg','image/jpeg','{\"identified\":true,\"analyzed\":true}','amazon',98773,'1EKLMgQ4V7oZDb6krP3rKg==','2023-10-10 06:34:13.646137'),(184,'q3ma50mcmcyn7vyhsmz8dscvqet5','cho.jpeg','image/jpeg','{\"identified\":true,\"analyzed\":true}','amazon',102774,'Ar9qxL7oJeSka9vQByrU7Q==','2023-10-10 06:34:15.038236'),(185,'e7enkvg2v1764l9s3dxgixr0s0tk','ho.jpeg','image/jpeg','{\"identified\":true,\"analyzed\":true}','amazon',8866,'lS+puXULIWWesmUbKCv0fw==','2023-10-10 06:34:35.057657'),(186,'sym6vxzdj9s99dbq6w1t0b25hh07','huou.jpeg','image/jpeg','{\"identified\":true,\"analyzed\":true}','amazon',4868,'GMfuCsDboA55ChUas732XA==','2023-10-10 06:34:36.223933'),(187,'h0lsbxt9yqgk9cpsy7zafjnlhe7o','220719_dvhd1.jpeg','image/jpeg','{\"identified\":true,\"analyzed\":true}','amazon',89263,'d4YWcpjF+GabBhW9dDa8PQ==','2023-10-10 06:52:35.662177'),(188,'kxy8zh42ctycvchs2y6rna61wtdp','4122154-middle.png','image/png','{\"identified\":true,\"analyzed\":true}','amazon',23683,'Cz4z3Gqaw8TaG2UHOnNOdw==','2023-10-10 06:52:37.012853'),(189,'mrxjv5kwo0ujp8fq66pykwcxup4p','44036562.png','image/png','{\"identified\":true,\"analyzed\":true}','amazon',13322,'txwKGJOoQ2W0ka/9htbu0Q==','2023-10-10 06:52:38.017448'),(190,'9p9cazw88pbapyv81rvb63vdo1bv','background.jpeg','image/jpeg','{\"identified\":true,\"analyzed\":true}','amazon',4024,'S47NZKO1p3ALDwctQjrDlg==','2023-10-10 06:52:39.025552'),(191,'a7ao01oi24ukavh2wvldxuu8j2jt','220719_dvhd1.jpeg','image/jpeg','{\"identified\":true,\"analyzed\":true}','amazon',89263,'d4YWcpjF+GabBhW9dDa8PQ==','2023-10-10 06:53:21.865955'),(192,'r2s8szq6bd5hoi4icqg9e53iiz6h','4122154-middle.png','image/png','{\"identified\":true,\"analyzed\":true}','amazon',23683,'Cz4z3Gqaw8TaG2UHOnNOdw==','2023-10-10 06:53:23.179625'),(193,'ua1v2zzqw7q9bypwf92c8vme2a6q','44036562.png','image/png','{\"identified\":true,\"analyzed\":true}','amazon',13322,'txwKGJOoQ2W0ka/9htbu0Q==','2023-10-10 06:53:24.157344'),(194,'s1voc97qb9uejikywh8iz48i2lof','background.jpeg','image/jpeg','{\"identified\":true,\"analyzed\":true}','amazon',4024,'S47NZKO1p3ALDwctQjrDlg==','2023-10-10 06:53:25.079643'),(195,'66kh9we062u5o9h7p20t8bryc4sq','220719_dvhd1.jpeg','image/jpeg','{\"identified\":true,\"analyzed\":true}','amazon',89263,'d4YWcpjF+GabBhW9dDa8PQ==','2023-10-10 07:02:15.769597'),(196,'jmjem7sivz05zpev1tjy143dm7tb','4122154-middle.png','image/png','{\"identified\":true,\"analyzed\":true}','amazon',23683,'Cz4z3Gqaw8TaG2UHOnNOdw==','2023-10-10 07:02:17.201298'),(197,'jcxjmqovzfmnws7pipwb1dd01z5b','44036562.png','image/png','{\"identified\":true,\"analyzed\":true}','amazon',13322,'txwKGJOoQ2W0ka/9htbu0Q==','2023-10-10 07:02:18.221539'),(198,'vb0kmoapx3tdkkjrxenxeadzzlak','220719_dvhd1.jpeg','image/jpeg','{\"identified\":true,\"analyzed\":true}','amazon',89263,'d4YWcpjF+GabBhW9dDa8PQ==','2023-10-10 07:09:33.712613'),(199,'0dzrgn7o60nv0sejuwd7mu1le9o3','4122154-middle.png','image/png','{\"identified\":true,\"analyzed\":true}','amazon',23683,'Cz4z3Gqaw8TaG2UHOnNOdw==','2023-10-10 07:09:35.082244'),(200,'l4c8rggw1kpj6q52wg86e3dnu668','44036562.png','image/png','{\"identified\":true,\"analyzed\":true}','amazon',13322,'txwKGJOoQ2W0ka/9htbu0Q==','2023-10-10 07:09:36.120747'),(201,'18r75umupx6rfhznuwdumy7fzb7w','220719_dvhd1.jpeg','image/jpeg','{\"identified\":true,\"analyzed\":true}','amazon',89263,'d4YWcpjF+GabBhW9dDa8PQ==','2023-10-10 07:12:45.294219'),(202,'l6vk8vf35sjsh6ah4ydr03v567sx','4122154-middle.png','image/png','{\"identified\":true,\"analyzed\":true}','amazon',23683,'Cz4z3Gqaw8TaG2UHOnNOdw==','2023-10-10 07:12:46.560902'),(203,'5s0jtpu04lyyds7biphil2z0b3w0','44036562.png','image/png','{\"identified\":true,\"analyzed\":true}','amazon',13322,'txwKGJOoQ2W0ka/9htbu0Q==','2023-10-10 07:12:47.587078'),(204,'y4jfgq4ps9nic7eiz3gplamwjp98','220719_dvhd1.jpeg','image/jpeg','{\"identified\":true,\"analyzed\":true}','amazon',89263,'d4YWcpjF+GabBhW9dDa8PQ==','2023-10-10 07:14:23.632210'),(205,'x9et4462m0l7pqvm93lyeah0ypmn','4122154-middle.png','image/png','{\"identified\":true,\"analyzed\":true}','amazon',23683,'Cz4z3Gqaw8TaG2UHOnNOdw==','2023-10-10 07:14:24.962770'),(206,'z58zuctcqasoaullfmqa2r12p64v','44036562.png','image/png','{\"identified\":true,\"analyzed\":true}','amazon',13322,'txwKGJOoQ2W0ka/9htbu0Q==','2023-10-10 07:14:26.080063'),(207,'aqd6iv2r03rv30hzcmeq57arjuoo','background.jpeg','image/jpeg','{\"identified\":true,\"analyzed\":true}','amazon',4024,'S47NZKO1p3ALDwctQjrDlg==','2023-10-10 07:14:27.106462'),(208,'7x7nvgpb48bqwhk5o1ombfzoq44i','casau.jpeg','image/jpeg','{\"identified\":true,\"analyzed\":true}','amazon',98773,'1EKLMgQ4V7oZDb6krP3rKg==','2023-10-10 07:15:24.060056'),(209,'cwv52to7vazjbw7sh80akqjv6bvy','220719_dvhd1.jpeg','image/jpeg','{\"identified\":true,\"analyzed\":true}','amazon',89263,'d4YWcpjF+GabBhW9dDa8PQ==','2023-10-10 07:22:26.719523'),(210,'jdbazjq0xqtn4m9j91cbetzmc2et','4122154-middle.png','image/png','{\"identified\":true,\"analyzed\":true}','amazon',23683,'Cz4z3Gqaw8TaG2UHOnNOdw==','2023-10-10 07:22:28.067717'),(211,'o3eqmydwlix7lqw4krx2jfc7fmzp','44036562.png','image/png','{\"identified\":true,\"analyzed\":true}','amazon',13322,'txwKGJOoQ2W0ka/9htbu0Q==','2023-10-10 07:22:29.081312'),(212,'u8ugeclase55mt2vhq28w48tyywk','background.jpeg','image/jpeg','{\"identified\":true,\"analyzed\":true}','amazon',4024,'S47NZKO1p3ALDwctQjrDlg==','2023-10-10 07:22:30.051610'),(213,'h8gu3m8x7zwvlfgjt9jretylxuhp','220719_dvhd1.jpeg','image/jpeg','{\"identified\":true,\"analyzed\":true}','amazon',89263,'d4YWcpjF+GabBhW9dDa8PQ==','2023-10-10 07:25:22.603018'),(214,'aucpslcstyaa8cg9ha6v2yowrx0z','4122154-middle.png','image/png','{\"identified\":true,\"analyzed\":true}','amazon',23683,'Cz4z3Gqaw8TaG2UHOnNOdw==','2023-10-10 07:25:23.891122'),(215,'50t5o4s8d7p63vnzwncgrqrb1lsl','44036562.png','image/png','{\"identified\":true,\"analyzed\":true}','amazon',13322,'txwKGJOoQ2W0ka/9htbu0Q==','2023-10-10 07:25:24.920469'),(216,'2ippoqsrwfsborazbs5q3cov2guz','background.jpeg','image/jpeg','{\"identified\":true,\"analyzed\":true}','amazon',4024,'S47NZKO1p3ALDwctQjrDlg==','2023-10-10 07:25:25.852660'),(217,'ktnvsxpiuflh4xxs3lmauaikjsst','220719_dvhd1.jpeg','image/jpeg','{\"identified\":true,\"analyzed\":true}','amazon',89263,'d4YWcpjF+GabBhW9dDa8PQ==','2023-10-10 08:50:13.988105'),(218,'x1ulgbf57k8ooxfp6jmw31oinmh6','4122154-middle.png','image/png','{\"identified\":true,\"analyzed\":true}','amazon',23683,'Cz4z3Gqaw8TaG2UHOnNOdw==','2023-10-10 08:50:15.312171'),(219,'ghwcr1kq5hol7gzr8kf8yq48b2dj','44036562.png','image/png','{\"identified\":true,\"analyzed\":true}','amazon',13322,'txwKGJOoQ2W0ka/9htbu0Q==','2023-10-10 08:50:16.339267'),(220,'7p1mp6dz6wuxmimx8t84dctw47wa','caheo.jpeg','image/jpeg','{\"identified\":true,\"analyzed\":true}','amazon',1204488,'ySfrE8lLV+k+ZPaQCKVaJg==','2023-10-10 09:31:52.294575'),(221,'yibbvf4dpsc93kscwit9fks0xogn','ho.jpeg','image/jpeg','{\"identified\":true,\"analyzed\":true}','amazon',8866,'lS+puXULIWWesmUbKCv0fw==','2023-10-10 09:32:03.419665'),(222,'xtzbdy08ekcry3ljvk1vd8ae4x29','huou.jpeg','image/jpeg','{\"identified\":true,\"analyzed\":true}','amazon',4868,'GMfuCsDboA55ChUas732XA==','2023-10-10 09:32:04.583358'),(224,'a164rfp4ncpxsg11e8mrpdudtzi6','1e4ccd82ac4d535bce82cce04761e782.png','image/png','{\"identified\":true,\"analyzed\":true}','amazon',192620,'OFJK1G/75YOqgMjoAZVXYg==','2023-10-10 09:46:55.236579'),(225,'77s6kmeg2j882bl59drasqqpixjt','ngua.jpeg','image/jpeg','{\"identified\":true,\"analyzed\":true}','amazon',8266,'YyMqEweTO60J3stlb8ScYA==','2023-10-12 10:37:26.540447'),(226,'7brqc0bax6x6rsgaja1qcvlg6xt6','CAP1541792736418757436.jpg','image/jpeg','{\"identified\":true,\"analyzed\":true}','amazon',259178,'KVmu7pHTbsW3UUVSIDh6qQ==','2023-10-12 10:41:29.398277'),(227,'f4mmdi3a49czf1yt0w6l5qi3suxx','CAP4515762114293766856.jpg','image/jpeg','{\"identified\":true,\"analyzed\":true}','amazon',274226,'vi+v6x9HrMwJG/7dLvmKMA==','2023-10-12 19:03:44.546669'),(228,'qokwfzwvjs5ab9f877cqx4dek2sl','CAP9044058746523057816.jpg','image/jpeg','{\"identified\":true,\"analyzed\":true}','amazon',254029,'9oC+TN+UGuaQXo6P7hfvCQ==','2023-10-12 19:21:09.098458'),(229,'ltfs0155my2rghmnjsgrq79akv64','CAP2017718559400174983.jpg','image/jpeg','{\"identified\":true,\"analyzed\":true}','amazon',204448,'nSS73tYe8QidBc7kngmIwA==','2023-10-12 19:24:47.116592'),(230,'ch9x6r44a8ixuqe81ti7clzunzaj','CAP2760607891959802702.jpg','image/jpeg','{\"identified\":true,\"analyzed\":true}','amazon',270004,'S1jtVXq/a+nzRQsM1ws0ww==','2023-10-12 19:55:41.321301'),(231,'xi52spx6cnsc4qfgm7xwnpe7oexv','220719_dvhd1.jpeg','image/jpeg','{\"identified\":true,\"analyzed\":true}','amazon',89263,'d4YWcpjF+GabBhW9dDa8PQ==','2023-10-13 22:37:18.760532'),(232,'dtcich5bb7treuee1uquzs9gmjwf','4122154-middle.png','image/png','{\"identified\":true,\"analyzed\":true}','amazon',23683,'Cz4z3Gqaw8TaG2UHOnNOdw==','2023-10-13 22:37:30.771726'),(233,'nhoeu9ej563xdqe8mj5opdhb1c80','4122154-middle.png','image/png','{\"identified\":true,\"analyzed\":true}','amazon',23683,'Cz4z3Gqaw8TaG2UHOnNOdw==','2023-10-13 23:35:37.233569'),(234,'s2ak335l3t5rubmt1hs3ehdgjxh0','220719_dvhd1.jpeg','image/jpeg','{\"identified\":true,\"analyzed\":true}','amazon',89263,'d4YWcpjF+GabBhW9dDa8PQ==','2023-10-13 23:36:16.868465'),(235,'yhqz2s1vcihdwyvpep03lqhwjwvi','220719_dvhd1.jpeg','image/jpeg','{\"identified\":true,\"analyzed\":true}','amazon',89263,'d4YWcpjF+GabBhW9dDa8PQ==','2023-10-13 23:37:09.532743'),(236,'cw6mfhl8rqn4sy2vd2fcl4jxxdhy','220719_dvhd1.jpeg','image/jpeg','{\"identified\":true,\"analyzed\":true}','amazon',89263,'d4YWcpjF+GabBhW9dDa8PQ==','2023-10-13 23:38:42.135030'),(237,'9p86rcp3c9g6u3kl529v6ede82n3','220719_dvhd1.jpeg','image/jpeg','{\"identified\":true,\"analyzed\":true}','amazon',89263,'d4YWcpjF+GabBhW9dDa8PQ==','2023-10-13 23:39:25.143159'),(238,'lqbdtmdffd18516k1a1wac48yg01','220719_dvhd1.jpeg','image/jpeg','{\"identified\":true,\"analyzed\":true}','amazon',89263,'d4YWcpjF+GabBhW9dDa8PQ==','2023-10-13 23:41:42.448350'),(239,'wqk6fyh8xtd0a07bhliowseegyi4','220719_dvhd1.jpeg','image/jpeg','{\"identified\":true,\"analyzed\":true}','amazon',89263,'d4YWcpjF+GabBhW9dDa8PQ==','2023-10-13 23:44:15.256297'),(240,'k5b603ja08sekzgguyldhwk3hswh','220719_dvhd1.jpeg','image/jpeg','{\"identified\":true,\"analyzed\":true}','amazon',89263,'d4YWcpjF+GabBhW9dDa8PQ==','2023-10-13 23:50:31.924259'),(241,'9rpyd3u07unezeg66i1pmitd4vsx','4122154-middle.png','image/png','{\"identified\":true,\"analyzed\":true}','amazon',23683,'Cz4z3Gqaw8TaG2UHOnNOdw==','2023-10-13 23:52:18.049509'),(242,'evmysj8ta467dox1ledtfhwa0j49','4122154-middle.png','image/png','{\"identified\":true,\"analyzed\":true}','amazon',23683,'Cz4z3Gqaw8TaG2UHOnNOdw==','2023-10-13 23:57:44.767383'),(243,'du9q28xoot3ej8scv2rnmzpettvy','casau.jpeg','image/jpeg','{\"identified\":true,\"analyzed\":true}','amazon',98773,'1EKLMgQ4V7oZDb6krP3rKg==','2023-10-13 23:58:07.828778'),(244,'6t8n8c768zztocsx7o568rfx96co','hien1.jpeg','image/jpeg','{\"identified\":true,\"analyzed\":true}','amazon',107623,'c/IcySTw3anbBsblbKUkDg==','2023-10-13 23:58:32.756526'),(245,'syzqclrbghx6oioyv69yl9mrkzt6','giethaikhi1_CMWO.jpeg','image/jpeg','{\"identified\":true,\"analyzed\":true}','amazon',74754,'tAa3TU/Hp6G/J2+BPVKCUQ==','2023-10-13 23:58:53.099097'),(246,'99ovfpg8j9pdaak86xy3pw3l5fgh','44036562.png','image/png','{\"identified\":true,\"analyzed\":true}','amazon',13322,'txwKGJOoQ2W0ka/9htbu0Q==','2023-10-14 00:03:14.829678'),(247,'0grhcr9895cbetk6lovuw25n5l6i','huou.jpeg','image/jpeg','{\"identified\":true,\"analyzed\":true}','amazon',4868,'GMfuCsDboA55ChUas732XA==','2023-10-14 00:03:27.106232'),(248,'pdejgwdsryq86ulpn4tx727h68k0','sex.jpeg','image/jpeg','{\"identified\":true,\"analyzed\":true}','amazon',31690,'G1U2+MA43BM7XHVsU9cwTA==','2023-10-14 00:04:02.995855'),(249,'338xpjc5ltk4ed2pm6ud0th5qx6v','block-storage.jpeg','image/jpeg','{\"identified\":true,\"analyzed\":true}','amazon',5418,'0aXOaeM0B+vS9SXdETyKpg==','2023-10-14 00:04:16.463591'),(250,'bsdwlutwgiftxe78qhqk52iu3d74','caheo.jpeg','image/jpeg','{\"identified\":true,\"analyzed\":true}','amazon',1204488,'ySfrE8lLV+k+ZPaQCKVaJg==','2023-10-14 00:04:46.437818'),(251,'z1owcbumet1juxnm84m41h6gacl0','giethaikhi1_CMWO.jpeg','image/jpeg','{\"identified\":true,\"analyzed\":true}','amazon',74754,'tAa3TU/Hp6G/J2+BPVKCUQ==','2023-10-14 07:36:37.127278'),(252,'ik8mpzc4g8ez4uro24d0nwkx0b2q','calendar.png','image/png','{\"identified\":true,\"analyzed\":true}','amazon',16599,'XC4Jj4buHjx/vUmZGUgANg==','2023-10-14 07:37:22.767538'),(253,'bcgdkgc2yejg2kgs2hjk4381bvil','calendar.png','image/png','{\"identified\":true,\"analyzed\":true}','amazon',16599,'XC4Jj4buHjx/vUmZGUgANg==','2023-10-14 07:38:34.619808'),(254,'57has32758gaks2kl0xrsg0k8476','matuy.jpeg','image/jpeg','{\"identified\":true,\"analyzed\":true}','amazon',214020,'CbtNSwuPR+tz4Wi9P2OQZw==','2023-10-14 07:49:51.056045'),(255,'cg3ufsfwnkv05av1crh30f0ubhwn','4122154-middle.png','image/png','{\"identified\":true,\"analyzed\":true}','amazon',23683,'Cz4z3Gqaw8TaG2UHOnNOdw==','2023-10-14 08:26:08.846180'),(256,'sp6vkxsgkyc1rej2xioaf8ck9zds','matuy.jpeg','image/jpeg','{\"identified\":true,\"analyzed\":true}','amazon',214020,'CbtNSwuPR+tz4Wi9P2OQZw==','2023-10-14 08:27:14.644993'),(257,'j5shvnpuei6e9dh7wb15oy1zfagh','giethaikhi1_CMWO.jpeg','image/jpeg','{\"identified\":true,\"analyzed\":true}','amazon',74754,'tAa3TU/Hp6G/J2+BPVKCUQ==','2023-10-14 08:27:48.922095'),(258,'nhfmq96t7v0dbfxjqyfyr2os2p2u','caheo.jpeg','image/jpeg','{\"identified\":true,\"analyzed\":true}','amazon',1204488,'ySfrE8lLV+k+ZPaQCKVaJg==','2023-10-14 08:31:34.364832'),(259,'0qqij4hg3y4iodnenncx6oafrmbh','ho.jpeg','image/jpeg','{\"identified\":true,\"analyzed\":true}','amazon',8866,'lS+puXULIWWesmUbKCv0fw==','2023-10-14 08:31:56.259125'),(260,'p3qt2t2b7rl4vr11cnd8j42bd2ba','huou.jpeg','image/jpeg','{\"identified\":true,\"analyzed\":true}','amazon',4868,'GMfuCsDboA55ChUas732XA==','2023-10-14 08:31:59.161344'),(261,'spjmzlyjhl7jotmrdnczis136vhs','images.jpeg','image/jpeg','{\"identified\":true,\"analyzed\":true}','amazon',8216,'l7s4kPRR+AORHwKe3+X1fw==','2023-10-14 08:32:01.789271'),(262,'shxrowegvkc1uoib8f60spvuukj3','love.jpeg','image/jpeg','{\"identified\":true,\"analyzed\":true}','amazon',217518,'mP/o63eITGGdQIGAlm75NQ==','2023-10-14 08:32:04.589122'),(263,'o1r4u2qlrsbabufmf8db88y7tz8a','caheo.jpeg','image/jpeg','{\"identified\":true,\"analyzed\":true}','amazon',1204488,'ySfrE8lLV+k+ZPaQCKVaJg==','2023-10-14 08:38:13.026037'),(264,'ztazmirix85tufva7grqh8uvd8bi','fb.jpg','image/jpeg','{\"identified\":true,\"analyzed\":true}','amazon',38260,'xyA6Yot72cxFEGPsQ7VSkA==','2023-10-18 16:00:50.458838'),(265,'h6pitjyg8dujax8mh5k2agcwa411','5d138e082c2c7f43be15241848cdcef2.jpg','image/jpeg','{\"identified\":true,\"analyzed\":true}','amazon',26589,'hxoA4W+kqTvpmXR7psINSQ==','2023-10-19 07:47:34.190690'),(266,'4doaexq4202xhkxu005vjjythzui','4e029701fdb0e39628855059a688db8e.jpg','image/jpeg','{\"identified\":true,\"analyzed\":true}','amazon',90645,'2f9jyOZNy11oh8RSRXjvZw==','2023-10-19 07:53:05.839973'),(267,'ft0ekwy9dppzhquv46ip1ogog4mg','1e4ccd82ac4d535bce82cce04761e782.png','image/png','{\"identified\":true,\"analyzed\":true}','amazon',192620,'OFJK1G/75YOqgMjoAZVXYg==','2023-10-19 07:57:05.422041'),(268,'ti5mmktll4hvmihe9qd7846fd4ao','4e029701fdb0e39628855059a688db8e.jpg','image/jpeg','{\"identified\":true,\"analyzed\":true}','amazon',90645,'2f9jyOZNy11oh8RSRXjvZw==','2023-10-19 08:19:49.256669'),(269,'vpqj8tefsmqnp2v1r5atgh8f8hu0','9b13b249aae74cfb3c636139e4dc72b0.jpg','image/jpeg','{\"identified\":true,\"analyzed\":true}','amazon',87371,'cTLS20d4a8CRrn5VVpb4cA==','2023-10-19 08:21:04.645412'),(270,'c9z7dmgi9pbzwad715h2vwvtk633','5d138e082c2c7f43be15241848cdcef2.jpg','image/jpeg','{\"identified\":true,\"analyzed\":true}','amazon',26589,'hxoA4W+kqTvpmXR7psINSQ==','2023-10-19 08:21:25.320255'),(271,'7kp4uud7hsiu3nhfxhe3f0ndxeq3','images.jpg','image/jpeg','{\"identified\":true,\"analyzed\":true}','amazon',6358,'rXFn8d4kP6mzosahjWE4pQ==','2023-10-19 08:23:28.791111'),(272,'5b3sqj04owqbqarz1a9j60lx18yo','images.jpg','image/jpeg','{\"identified\":true,\"analyzed\":true}','amazon',6358,'rXFn8d4kP6mzosahjWE4pQ==','2023-10-19 08:26:48.836699'),(273,'co36dmlcvwkoh7gjn96wxqvrt8t0','images.jpg','image/jpeg','{\"identified\":true,\"analyzed\":true}','amazon',6358,'rXFn8d4kP6mzosahjWE4pQ==','2023-10-19 08:28:53.766145'),(274,'5njqxvm9cmstv7fo565ktr0gskyb','CAP6768605447554454435.jpg','image/jpeg','{\"identified\":true,\"analyzed\":true}','amazon',218755,'osWjIO2p5u1CilNZR/PVlg==','2023-10-20 16:09:15.580234'),(275,'c1siu5b010t0rz0gd6rv9w4rnvrg','CAP1232404355893900775.jpg','image/jpeg','{\"identified\":true,\"analyzed\":true}','amazon',244726,'D2pMq6OD/2+blrv6uM2mag==','2023-10-20 16:14:10.409859'),(276,'bwl0bs3ul5fd7veknhaowhhq7g2a','CAP9213646161882720520.jpg','image/jpeg','{\"identified\":true,\"analyzed\":true}','amazon',235868,'OEg++08qaMAz2zFOAl24nA==','2023-10-20 16:17:42.087105'),(277,'wzy57b5x7x0pz2mmrkt6p1elyu4s','CAP2165476218292618771.jpg','image/jpeg','{\"identified\":true,\"analyzed\":true}','amazon',212117,'qwaL/Z5BQuxNl4nluozfmQ==','2023-10-20 16:18:41.683290'),(278,'3f6beesvnzutou2xb8oinjx3unc1','CAP2732005505135557505.jpg','image/jpeg','{\"identified\":true,\"analyzed\":true}','amazon',230462,'4i/YPzra5ioDfP5XKVhaqA==','2023-10-20 16:40:05.442315'),(279,'xv6fh20jp5djxkbjjohkon4b25oj','CAP6685797766848551881.jpg','image/jpeg','{\"identified\":true,\"analyzed\":true}','amazon',241152,'SxVbBpJiZMatGtlwAJQttQ==','2023-10-20 16:41:12.780609'),(280,'djdr4k8bq0rx2nw4eiolf7utxk61','CAP8648352151954753633.jpg','image/jpeg','{\"identified\":true,\"analyzed\":true}','amazon',256437,'9jEPAYEgOvagBWAOnq1sRQ==','2023-10-20 17:58:59.795693'),(281,'djfujdqv95d97m2h13rj5j5z9t4r','220719_dvhd1.jpeg','image/jpeg','{\"identified\":true,\"analyzed\":true}','amazon',89263,'d4YWcpjF+GabBhW9dDa8PQ==','2023-10-20 18:22:57.301279'),(282,'r39w6p3nt014tvjvpq4myk41wt75','4122154-middle.png','image/png','{\"identified\":true,\"analyzed\":true}','amazon',23683,'Cz4z3Gqaw8TaG2UHOnNOdw==','2023-10-20 18:23:00.915245'),(283,'k4uvfj82ixiibkocir3flryacuv0','44036562.png','image/png','{\"identified\":true,\"analyzed\":true}','amazon',13322,'txwKGJOoQ2W0ka/9htbu0Q==','2023-10-20 18:23:03.884177'),(284,'u6hybjoihuc04y32bpqq0akdkqj6','background.jpeg','image/jpeg','{\"identified\":true,\"analyzed\":true}','amazon',4024,'S47NZKO1p3ALDwctQjrDlg==','2023-10-20 18:23:06.640805'),(285,'ffqu62dd25bxeakr0fsucvyg7xfq','caheo.jpeg','image/jpeg','{\"identified\":true,\"analyzed\":true}','amazon',1204488,'ySfrE8lLV+k+ZPaQCKVaJg==','2023-10-20 18:23:51.285160'),(286,'dmfcyy488q5zhl4i85r9rh7fcvah','calendar.png','image/png','{\"identified\":true,\"analyzed\":true}','amazon',16599,'XC4Jj4buHjx/vUmZGUgANg==','2023-10-20 18:23:56.033342'),(287,'7ovo1lobg1zoa6m69g4776xegs98','casau.jpeg','image/jpeg','{\"identified\":true,\"analyzed\":true}','amazon',98773,'1EKLMgQ4V7oZDb6krP3rKg==','2023-10-20 18:23:58.803120'),(288,'ltyq7ffgzo8su71abokfxgqswcwn','cho.jpeg','image/jpeg','{\"identified\":true,\"analyzed\":true}','amazon',102774,'Ar9qxL7oJeSka9vQByrU7Q==','2023-10-20 18:24:02.088735'),(289,'csezze1u78ryvn8briwzuq60ebz3','giethaikhi1_CMWO.jpeg','image/jpeg','{\"identified\":true,\"analyzed\":true}','amazon',74754,'tAa3TU/Hp6G/J2+BPVKCUQ==','2023-10-20 18:24:05.146149'),(290,'k36c2iw4kh6p9tusm6fgta20y6kw','khi.jpeg','image/jpeg','{\"identified\":true,\"analyzed\":true}','amazon',148511,'uVtkWSI2zdawvSkIz3S1YQ==','2023-10-20 19:48:42.641563'),(291,'ptd9qp7c95lno2vbpb3sq649ujom','bocap.jpeg','image/jpeg','{\"identified\":true,\"analyzed\":true}','amazon',88267,'PD2mmUdWX1llCBBd0zgM2w==','2023-10-20 19:52:25.690799'),(292,'8vgaxns3mz1jgqx568mebxigq26q','bocap.jpeg','image/jpeg','{\"identified\":true,\"analyzed\":true}','amazon',212095,'NQgq/KaT79ydJrAxirXWng==','2023-10-20 19:54:43.552937'),(293,'fh1jehm91s92fmhr7dn4kj96eqmj','bocap.jpeg','image/jpeg','{\"identified\":true,\"analyzed\":true}','amazon',212095,'NQgq/KaT79ydJrAxirXWng==','2023-10-20 20:01:21.510712'),(294,'y335m9e3kxb946q012csicq5gsje','fb.jpg','image/jpeg','{\"identified\":true,\"analyzed\":true}','amazon',38260,'xyA6Yot72cxFEGPsQ7VSkA==','2023-10-21 04:38:11.820999'),(295,'e2ycw4blt4kmi6k2d9f35lckwl9r','images.jpg','image/jpeg','{\"identified\":true,\"analyzed\":true}','amazon',6358,'rXFn8d4kP6mzosahjWE4pQ==','2023-10-21 08:19:34.526854'),(296,'jmofms76lrw6otprjcspmygxa6b2','images.jpg','image/jpeg','{\"identified\":true,\"analyzed\":true}','amazon',6358,'rXFn8d4kP6mzosahjWE4pQ==','2023-10-21 08:22:59.684981'),(297,'i9dxqif23iazt6gmrzhkwg6a6d0z','c5d41a49d2b0b3443d16a3eeccf38c46.jpg','image/jpeg','{\"identified\":true,\"analyzed\":true}','amazon',83846,'pr8fYPj127Mhy/pUgMh9aA==','2023-10-21 08:23:10.852139'),(298,'0bt2b0ea0p0y64nh227n847u7nx8','d8fe084d4f101ff1a2ab36dd30958be4.jpg','image/jpeg','{\"identified\":true,\"analyzed\":true}','amazon',88184,'WiUQgnkgLqKdDgTLa2QRNw==','2023-10-21 08:40:57.139348'),(299,'xs3abaxqq0ud99icg71eetal21eh','d8fe084d4f101ff1a2ab36dd30958be4.jpg','image/jpeg','{\"identified\":true,\"analyzed\":true}','amazon',88184,'WiUQgnkgLqKdDgTLa2QRNw==','2023-10-21 08:41:49.916113'),(300,'qrgxfewm33pvig5x86b1ssu6kxwi','images.jpg','image/jpeg','{\"identified\":true,\"analyzed\":true}','amazon',6358,'rXFn8d4kP6mzosahjWE4pQ==','2023-10-21 08:42:23.728434'),(301,'t6rjy8p4rs77du9lmz0gmpfp3n7a','c5d41a49d2b0b3443d16a3eeccf38c46.jpg','image/jpeg','{\"identified\":true,\"analyzed\":true}','amazon',83846,'pr8fYPj127Mhy/pUgMh9aA==','2023-10-21 08:42:41.261234'),(302,'s0ija06lhfxmdsrf3v4ri4u5vjpi','images.jpg','image/jpeg','{\"identified\":true,\"analyzed\":true}','amazon',6358,'rXFn8d4kP6mzosahjWE4pQ==','2023-10-21 09:03:02.217256'),(303,'1patrbe8a32966pz2s0xvov1lolm','CAP6403583776889908853.jpg','image/jpeg','{\"identified\":true,\"analyzed\":true}','amazon',204828,'bRh2HctQb5R8mezqPbBBpw==','2023-10-21 17:12:51.588878'),(304,'3otj8ir5jzj10zzk6eu3p535oxgo','CAP7938657277813249123.jpg','image/jpeg','{\"identified\":true,\"analyzed\":true}','amazon',269158,'PrSnsdPmbhz+mBmwKofj5A==','2023-10-22 02:50:52.966437'),(305,'fzs6y9vzr2rgn47cvf60n5anufbi','CAP8735401741269763796.jpg','image/jpeg','{\"identified\":true,\"analyzed\":true}','amazon',719488,'5aXOg+0DqOzotv6dSnO77g==','2023-10-22 03:05:09.350529'),(306,'1wvkx3l36qfwd66rchy64g3z5dww','cacuu.jpeg','image/jpeg','{\"identified\":true,\"analyzed\":true}','amazon',73756,'1OilDIuexxPkt8d/GDFnlA==','2023-11-01 08:13:22.288418'),(307,'6p1hs7huuqwkkqo2od609tb5m8tq','images.jpg','image/jpeg','{\"identified\":true,\"analyzed\":true}','amazon',6358,'rXFn8d4kP6mzosahjWE4pQ==','2023-11-02 15:58:51.756891'),(308,'pojigfsclp873px05979xvrhy027','images.jpg','image/jpeg','{\"identified\":true,\"analyzed\":true}','amazon',6358,'rXFn8d4kP6mzosahjWE4pQ==','2023-11-02 16:42:57.091009'),(309,'bou8yg9qwnwgbf9i595xl25i1kpl','images.jpg','image/jpeg','{\"identified\":true,\"analyzed\":true}','amazon',6358,'rXFn8d4kP6mzosahjWE4pQ==','2023-11-02 16:44:20.439058'),(310,'0disjat290uxiv7gt36qbhvx9wb9','images.jpg','image/jpeg','{\"identified\":true,\"analyzed\":true}','amazon',6358,'rXFn8d4kP6mzosahjWE4pQ==','2023-11-02 18:24:54.518334'),(311,'gvmx3je5c0wg47g72xo9d56flk8g','avatar (1).png','image/png','{\"identified\":true,\"analyzed\":true}','amazon',20379,'Tk9ek0736SylsUoomG7hFA==','2023-11-04 04:15:00.923797'),(312,'85lldtpuyzjajby15ogq01qntm4h','avatar (1).png','image/png','{\"identified\":true,\"analyzed\":true}','amazon',20379,'Tk9ek0736SylsUoomG7hFA==','2023-11-04 04:16:48.071500'),(313,'dpcegnm7z4rpnbfa8hs4bzbj6nim','avatar (1).png','image/png','{\"identified\":true,\"analyzed\":true}','amazon',20379,'Tk9ek0736SylsUoomG7hFA==','2023-11-04 04:59:41.366815'),(314,'yybbq7pfc6423728qn8qo1vccehg','khi.jpeg','image/jpeg','{\"identified\":true}','amazon',148511,'uVtkWSI2zdawvSkIz3S1YQ==','2023-11-19 17:15:10.228801'),(315,'q0c7e2lppjbi8nuge7qmvwuffdzw','cacuu.jpeg','image/jpeg','{\"identified\":true,\"analyzed\":true}','amazon',73756,'1OilDIuexxPkt8d/GDFnlA==','2023-11-19 17:19:09.145353'),(316,'g9kohlsvhrmtrosq3wcosmoya6eo','cacuu.jpeg','image/jpeg','{\"identified\":true,\"analyzed\":true}','amazon',73756,'1OilDIuexxPkt8d/GDFnlA==','2023-11-19 17:20:35.754070'),(317,'jewiwelajqs05jewjynrwam80zre','cacuu.jpeg','image/jpeg','{\"identified\":true,\"analyzed\":true}','amazon',73756,'1OilDIuexxPkt8d/GDFnlA==','2023-11-19 17:23:15.984078'),(318,'uej544dni6w73t941q8v8synt5nd','saubuom.jpeg','image/jpeg','{\"identified\":true,\"analyzed\":true}','amazon',71635,'GfxX0cF6yAfGfFopu5WMTQ==','2023-11-19 17:48:45.862008'),(319,'res9la3apy82iaim0o3fjxl2ts0x','voi.jpeg','image/jpeg','{\"identified\":true}','amazon',152128,'TYS/opoJ595TArXgrtfq5g==','2023-11-20 16:41:48.595878'),(320,'la71pvi7aopv4a0t2w98q4sm84q4','voi.jpeg','image/jpeg','{\"identified\":true}','amazon',152128,'TYS/opoJ595TArXgrtfq5g==','2023-11-20 16:44:56.769964'),(321,'o0bk5xyv2yw5buqh6rtfn5fje8dg','voi.jpeg','image/jpeg','{\"identified\":true,\"analyzed\":true}','amazon',152128,'TYS/opoJ595TArXgrtfq5g==','2023-11-20 16:50:03.621498'),(327,'kzrx2a959oi7uxlye2i53ro5saih','images.jpg','image/jpeg','{\"identified\":true,\"analyzed\":true}','amazon',6358,'rXFn8d4kP6mzosahjWE4pQ==','2023-11-22 06:34:26.131804'),(328,'oufh8swxo37uaxby9d8qr3g8shy3','movit.jpeg','image/jpeg','{\"identified\":true,\"analyzed\":true}','amazon',39386,'Hi/xDbvjDZFevqqzL6VCWQ==','2023-11-23 14:14:11.238593'),(329,'k4e4bzg6l0qag0viupq3ke8gur82','Ảnh chụp màn hình 2023-11-24 221622.png','image/png','{\"identified\":true,\"analyzed\":true}','amazon',218529,'k1KogbKhgkp42TPVsdkRIw==','2023-11-24 15:35:53.016579'),(330,'1w0altshxzcz4auo4vrvtfc5x59d','Ảnh chụp màn hình 2023-11-24 220925.png','image/png','{\"identified\":true,\"analyzed\":true}','amazon',703917,'R2eXwhbM6DmE4fswkclwmA==','2023-11-24 15:35:53.626499'),(331,'918pzhz9n4tuhybzrq2fbt1tkwgl','Ảnh chụp màn hình 2023-11-20 132318.png','image/png','{\"identified\":true,\"analyzed\":true}','amazon',279566,'06PnVBIoe3NanYI09JKHvQ==','2023-11-24 15:36:19.662295'),(332,'4xactudoojo4foecjtuop53mof01','Ảnh chụp màn hình 2023-11-20 132208.png','image/png','{\"identified\":true,\"analyzed\":true}','amazon',292129,'bh3HUzc2uuyaH3d6WGd/fQ==','2023-11-24 15:44:21.993146'),(333,'o92kl9n7tosutio9mt77gz5zdpbb','Ảnh chụp màn hình 2023-11-20 132318.png','image/png','{\"identified\":true,\"analyzed\":true}','amazon',279566,'06PnVBIoe3NanYI09JKHvQ==','2023-11-24 15:44:22.595689'),(334,'w9vwe5cntkeqxb7jna8rj9riled6','Ảnh chụp màn hình 2023-11-20 132430.png','image/png','{\"identified\":true,\"analyzed\":true}','amazon',288128,'2QN2s2LjB5V/Jya83mmX7A==','2023-11-24 15:44:22.895408'),(335,'cdo1xqinchtt9s04oi6as7aiw7t8','Ảnh chụp màn hình 2023-11-20 140907.png','image/png','{\"identified\":true,\"analyzed\":true}','amazon',355554,'Hryi8Nfc1dvy3GnQCRxBdw==','2023-11-24 15:44:23.218328'),(336,'d9zxqsc9p20ily4h3xeuxpeafxlm','Ảnh chụp màn hình 2023-11-20 140907.png','image/png','{\"identified\":true,\"analyzed\":true}','amazon',355554,'Hryi8Nfc1dvy3GnQCRxBdw==','2023-11-24 15:59:17.255083'),(337,'tsc0k4rre9ina46h3b813e9zwcun','Ảnh chụp màn hình 2023-11-20 185944.png','image/png','{\"identified\":true,\"analyzed\":true}','amazon',359070,'OndWnBqbqbpVXqUaAm7mIg==','2023-11-24 15:59:17.902640'),(338,'7g2yvju737o8ooql0uqqa75n342d','Ảnh chụp màn hình 2023-11-20 132318.png','image/png','{\"identified\":true,\"analyzed\":true}','amazon',279566,'06PnVBIoe3NanYI09JKHvQ==','2023-11-24 15:59:33.504506'),(339,'8aburbbxrtos2jtcnarr0sv8nk7q','Ảnh chụp màn hình 2023-11-20 140907.png','image/png','{\"identified\":true,\"analyzed\":true}','amazon',355554,'Hryi8Nfc1dvy3GnQCRxBdw==','2023-11-24 15:59:33.838031'),(340,'qan79bxrdteirngtqwhxn5q7n446','Ảnh chụp màn hình 2023-11-20 132208.png','image/png','{\"identified\":true,\"analyzed\":true}','amazon',292129,'bh3HUzc2uuyaH3d6WGd/fQ==','2023-11-24 15:59:47.273993'),(341,'hd4xk811e6fr43sip0xpq99jt7yj','Ảnh chụp màn hình 2023-11-20 132318.png','image/png','{\"identified\":true,\"analyzed\":true}','amazon',279566,'06PnVBIoe3NanYI09JKHvQ==','2023-11-24 15:59:47.586322'),(342,'r3alkk6tanuiq3lf6kaffkj98t0w','Ảnh chụp màn hình 2023-11-24 221622.png','image/png','{\"identified\":true,\"analyzed\":true}','amazon',218529,'k1KogbKhgkp42TPVsdkRIw==','2023-11-24 16:46:13.231202'),(343,'vz37qvnnbtjfm3twnfzbs2bdawgv','Ảnh chụp màn hình 2023-11-20 140907.png','image/png','{\"identified\":true,\"analyzed\":true}','amazon',355554,'Hryi8Nfc1dvy3GnQCRxBdw==','2023-11-24 16:46:49.717667'),(344,'hadjnz5fbtddavucmetqsk0f20uk','congrat1.png','image/png','{\"identified\":true,\"analyzed\":true}','amazon',3035,'qD2ZOOjnpQMuI7qXHkhteQ==','2023-11-25 15:28:32.575143'),(349,'pmv8sswwssidekc63w72gdkpld6s','CAP2378279046954390718.jpg','image/jpeg','{\"identified\":true,\"analyzed\":true}','amazon',238478,'v8fBsmGwmofetUvgOI+x1A==','2023-11-26 08:16:40.787922'),(350,'sy3mbd7r68nfamu2ty36vr7sidv9','CAP6926843465873460919.jpg','image/jpeg','{\"identified\":true,\"analyzed\":true}','amazon',239909,'Vk/21Ss1krSXG1Yvxw6EJQ==','2023-11-26 08:21:51.275716'),(351,'gxuyohs29cnknbk0ssjzp9b6x2zv','CAP7766339272526316669.jpg','image/jpeg','{\"identified\":true,\"analyzed\":true}','amazon',198506,'29C+Zqurm9+Lr+BcL8rPsw==','2023-11-26 08:25:13.010661'),(360,'nh3248azt9tdrxencey4rzy5ei36','CAP7141542294486372891.jpg','image/jpeg','{\"identified\":true,\"analyzed\":true}','amazon',199054,'y9eTcOkMjN9oQhpL074JaA==','2023-11-26 08:29:52.880778'),(366,'pr8x4s9wyfdxkahga2y3e2a8145c','CAP4928527857593213493.jpg','image/jpeg','{\"identified\":true,\"analyzed\":true}','amazon',194807,'JGILCSSj3YHz1X/W4HJoYg==','2023-11-26 08:35:10.133278'),(367,'vddqemv0vyy16liqkgryov8xlpu0','CAP9170597183562473088.jpg','image/jpeg','{\"identified\":true,\"analyzed\":true}','amazon',200559,'EotOwupaY41S4YOPzKKssQ==','2023-11-26 08:36:33.870400'),(432,'02g8q9yds47jxn4221tj6j41v8l2','CAP6342286762097797984.jpg','image/jpeg','{\"identified\":true,\"analyzed\":true}','amazon',177413,'ZUGMhiiWkMLDf0G05yjZRw==','2023-11-26 17:54:03.539099'),(433,'29ph7rufudax26n55isllwe7gkai','CAP3537779437215479760.jpg','image/jpeg','{\"identified\":true,\"analyzed\":true}','amazon',173395,'qRXSAUBsM1jhfrSZ3q6MaA==','2023-11-26 18:26:11.385780'),(434,'vrdo3g2kodmy5ysowv7k8dzkajl8','CAP8732156011169916978.jpg','image/jpeg','{\"identified\":true,\"analyzed\":true}','amazon',168683,'oGygLB3HXNrAp54iWZo1Fw==','2023-11-26 18:27:47.121918'),(439,'rlcsfzkaohgj04rqvrgpmae430l7','CAP4912202048197318007.jpg','image/jpeg','{\"identified\":true,\"analyzed\":true}','amazon',214002,'iMxMkKXKB4HxR9CrX6XOrQ==','2023-11-27 05:19:10.807831'),(440,'emz3lu1bysi82jyhrbqga0xilrcg','CAP6674318607543697965.jpg','image/jpeg','{\"identified\":true,\"analyzed\":true}','amazon',195779,'rThvtl7/0YqCrLVt6l8Qvw==','2023-11-27 05:32:58.427685'),(441,'bfrv76jpcfmxe0mmnpvv8dybuccy','CAP5801446075139829652.jpg','image/jpeg','{\"identified\":true,\"analyzed\":true}','amazon',198657,'9gswjUKGZj08x9609HoqUA==','2023-11-27 05:34:02.796296'),(444,'cqnh3cf0aqen78grtenp6tc0ae6j','CAP4719886613489816542.jpg','image/jpeg','{\"identified\":true,\"analyzed\":true}','amazon',190817,'A+iSjiikoyq5VZyFQtGTig==','2023-11-27 05:42:51.004998'),(445,'zavrj077pszbnjl28cuygyyhjnf6','CAP1000863321887794026.jpg','image/jpeg','{\"identified\":true,\"analyzed\":true}','amazon',198549,'Sj4gbF8Ote5980aF5dh02g==','2023-11-27 05:43:13.257760'),(446,'hdimhcknixg2b1h0jpn8rfrsdz5m','CAP3329751651902345088.jpg','image/jpeg','{\"identified\":true,\"analyzed\":true}','amazon',211875,'98kcMQJQjTdbwWWAc9sCDg==','2023-11-27 05:43:43.642861'),(447,'ii3z45zxd7g7ilaocmo6vza7cdq0','Screenshot_2023-11-21-23-23-06-995_com.facebook.katana.jpg','image/jpeg','{\"identified\":true,\"analyzed\":true}','amazon',449810,'HlEHQftwElAtiIYDMn0JTw==','2023-11-27 08:39:12.500746'),(448,'g4bfxras5i1zgdses9y6lebc7u5p','FB_IMG_1700374509344.jpg','image/jpeg','{\"identified\":true,\"analyzed\":true}','amazon',43260,'64oGj+gINtQbn1PuPI/eig==','2023-11-27 08:56:29.184495'),(449,'gsnk7nw3ldbnk2gzcrm8dbgzl2io','FB_IMG_1700374509344.jpg','image/jpeg','{\"identified\":true,\"analyzed\":true}','amazon',43260,'64oGj+gINtQbn1PuPI/eig==','2023-11-27 08:57:47.759326'),(450,'snff1rtnxof7snxd281v88nleotx','Screenshot_2023-11-01-01-28-34-258_com.facebook.katana~2.jpg','image/jpeg','{\"identified\":true,\"analyzed\":true}','amazon',34654,'8HKU/NGTR+XCS+2D3QieSA==','2023-11-27 09:31:00.114851'),(451,'r3mh611a3u39kxqv7rijncrhv6kb','IMG_20231125_190546.jpg','image/jpeg','{\"identified\":true,\"analyzed\":true}','amazon',3612650,'Kw1VFM/AgQI72UJvDeVehQ==','2023-11-27 09:32:07.630567'),(452,'40hvihw4dm1lqqdzxgk7zldaqbk7','received_782401053341449.jpg','image/jpeg','{\"identified\":true,\"analyzed\":true}','amazon',200772,'O8y3kNWwUfFxo5YAy44/gA==','2023-11-27 09:34:09.393512'),(453,'qdijm644s11bq6nh4igmu6u14byf','Screenshot_2023-11-01-01-28-34-258_com.facebook.katana~2.jpg','image/jpeg','{\"identified\":true,\"analyzed\":true}','amazon',34654,'8HKU/NGTR+XCS+2D3QieSA==','2023-11-27 09:35:38.481448'),(454,'6cpprlc7zvqy2dwnff441knd7udo','Screenshot_2023-10-23-14-49-53-046_com.instagram.android.jpg','image/jpeg','{\"identified\":true,\"analyzed\":true}','amazon',437868,'hVoz70uUAdwsL9uBScbZwg==','2023-11-27 17:40:31.394685'),(455,'lr8c7aez5jabuqeg19cuxlsjghzj','CAP5907434603068823908.jpg','image/jpeg','{\"identified\":true,\"analyzed\":true}','amazon',91367,'Chcz/95gRI0XW99AM39hpg==','2023-11-29 02:06:52.175087'),(456,'6f5nuilkjc6blenj6l6umvcr66t4','CAP6903224599309737022.jpg','image/jpeg','{\"identified\":true,\"analyzed\":true}','amazon',48998,'QBIQu0s49nuaxFjNHnp4IQ==','2023-11-29 02:07:07.694849'),(457,'5ffzs1qnn409b8zvkh52g69hy8jx','CAP2831219360613878862.jpg','image/jpeg','{\"identified\":true,\"analyzed\":true}','amazon',197924,'FEyhI3ZiJApMCwWJezSXNw==','2023-11-29 03:38:11.430834'),(458,'9r2e7emwmjlpk1bnpshbil6rfyio','CAP8758764158913511247.jpg','image/jpeg','{\"identified\":true,\"analyzed\":true}','amazon',195518,'XvWe3cQHvC0T8jzJLNqnBg==','2023-11-29 03:38:20.448189'),(459,'xm57ik5faawnbogv7m8wen0zxfeo','CAP6244194746361443937.jpg','image/jpeg','{\"identified\":true,\"analyzed\":true}','amazon',188254,'d/eTwy6irBiYdRm7wieEFw==','2023-11-29 03:38:30.448768'),(460,'imtfkiexvfki4jasyh7g8l7sa9ez','CAP4660511417258802718.jpg','image/jpeg','{\"identified\":true,\"analyzed\":true}','amazon',191206,'2fHfCLzMPp5An6XinkRKfA==','2023-11-29 03:38:39.369872'),(461,'3040uxt65napdmf9k3cdyum21ilb','CAP984625381142874449.jpg','image/jpeg','{\"identified\":true,\"analyzed\":true}','amazon',181358,'fDbV8azA8Vl6k6e1lP2n6A==','2023-11-29 03:38:43.520333'),(462,'jmkdoxudd3his0gptut9z1ro6ubr','CAP5555255318888735897.jpg','image/jpeg','{\"identified\":true,\"analyzed\":true}','amazon',187489,'ouk3RBGrXMj41T7mRu0sIg==','2023-11-29 03:38:45.982071'),(463,'b1kmzpzke9pqpev6u8nvgp8y8k30','CAP5163867215732399668.jpg','image/jpeg','{\"identified\":true,\"analyzed\":true}','amazon',213199,'U1omKWm57AcvA/mTNWXB9A==','2023-11-29 03:39:44.922026'),(464,'vxry3nr7kur83lc1k75jhn22y7k8','CAP3574797728360787691.jpg','image/jpeg','{\"identified\":true,\"analyzed\":true}','amazon',193891,'WwLXtLKtT5tqKg5kPf6IbA==','2023-11-29 03:41:37.395675'),(465,'p605t2i5y4wroi1ixmauspl3gdk8','CAP7727473082828915551.jpg','image/jpeg','{\"identified\":true,\"analyzed\":true}','amazon',208645,'2hsp1HyK1gUTccBnT2xVdg==','2023-11-29 03:42:55.178263'),(466,'ks9zxf9kxyi71f0acs3mv5n3qj73','CAP8910405069490555620.jpg','image/jpeg','{\"identified\":true,\"analyzed\":true}','amazon',200280,'MTgrUDdhI936CRN0mOqPjA==','2023-11-29 03:43:00.435477'),(467,'v11tly4l1udnics9djgb18wix9nc','CAP5435736773350699700.jpg','image/jpeg','{\"identified\":true,\"analyzed\":true}','amazon',193959,'rsYfdwuL51McIy5yXYQBDw==','2023-11-29 03:45:23.062166'),(468,'pqrhczhvbl4f7u3sx9162ctnv25z','CAP6176558232604466703.jpg','image/jpeg','{\"identified\":true,\"analyzed\":true}','amazon',193630,'ILU30yHZE8cAP4B/nX/bOw==','2023-11-29 03:45:30.362658'),(469,'ss1ot0ie7mdbmgjn2fn0fu8y4i9m','CAP875545117919932736.jpg','image/jpeg','{\"identified\":true,\"analyzed\":true}','amazon',192937,'UMMXpqfexpQwRp3R9DAf/g==','2023-11-29 03:49:37.720621'),(470,'iiwkjsbm3cl18zg1o5pis3ze2sts','CAP666324739898997727.jpg','image/jpeg','{\"identified\":true,\"analyzed\":true}','amazon',198398,'rVKPQA83ykcR4oYLkJtajA==','2023-11-29 03:49:48.186703'),(471,'ejnkuttcgj2ccuvs0j5hgeqmxpy9','CAP1938387489273788720.jpg','image/jpeg','{\"identified\":true,\"analyzed\":true}','amazon',122558,'hnqtfLvkeKCXzMQm/GT+zQ==','2023-11-29 03:50:23.443888'),(490,'jc475yjwcybyjy6q8cxrsy7r1iuy','papers.co-bl94-art-girl-cute-face-anime-pretty-8-wallpaper.jpg','image/jpeg','{\"identified\":true,\"analyzed\":true}','amazon',640447,'IcB6KI2AvnVghwr9c8lVgg==','2023-11-30 13:59:58.789049'),(492,'pmkedn4dogui7f0j6elzx88v5dot','27 1.png','image/png','{\"identified\":true,\"analyzed\":true}','amazon',169035,'OKHYRWo8m3R+cR26VVz+Mg==','2023-11-30 15:21:59.590012'),(493,'569flz0xrzjw5rzuho2zsr7shj7n','maltese-portrait.jpg','image/jpeg','{\"identified\":true,\"analyzed\":true}','amazon',15881,'CF2tZ1ukNMy88mxevibvqg==','2023-11-30 17:12:40.083749'),(494,'kvfl6ylh4t1ldtmqj5j6tbq8uj6m','hinh-anh-chim-bo-cau-3d.jpg','image/jpeg','{\"identified\":true,\"analyzed\":true}','amazon',320478,'4H+kjAJH2SPpr718dvY6XQ==','2023-12-01 00:45:26.257169'),(495,'5b014xwv8rs6s5uok8o5vuyr4bz3','pochita.jpg','image/jpeg','{\"identified\":true,\"analyzed\":true}','amazon',746271,'fq1M2MBvpxssPVDEjWnpjw==','2023-12-01 00:45:26.943495'),(504,'r0nazotpubqjkdt08vn9iuosbx1e','image_avatar.jpeg','image/jpeg','{\"identified\":true,\"analyzed\":true}','amazon',5646,'lchPpX5z4MXt4q2sP1eGDg==','2023-12-01 07:22:16.174022'),(507,'lui9q9bfy05wggcy1xjw9uo9arwj','_Chức năng theo dõi phim.drawio (1).png','image/png','{\"identified\":true,\"analyzed\":true}','amazon',36251,'CWF39YMq9ZjjdQSGmvQOfw==','2023-12-01 08:12:29.406679'),(512,'2xpv4zmaecfs852c6dkvpqpgay6t','voi.jpeg','image/jpeg','{\"identified\":true,\"analyzed\":true}','amazon',181629,'O0Sdm6GFxjEE9pOUt89ynQ==','2023-12-01 10:31:30.832268'),(513,'3wmr36kg30z7pbyi8w6nmzto1rpo','voi.jpeg','image/jpeg','{\"identified\":true,\"analyzed\":true}','amazon',181629,'O0Sdm6GFxjEE9pOUt89ynQ==','2023-12-01 10:38:52.588866'),(514,'3x5qqrot06yo3q4pmguralyol5jl','_Chức năng theo dõi phim.drawio (2).png','image/png','{\"identified\":true,\"analyzed\":true}','amazon',37279,'cQsFMNzj03qdmqgNmD0d0g==','2023-12-01 10:39:06.710437'),(515,'19g034pmtamhqf9fndn6pmlzjs8w','_Chức năng theo dõi phim.drawio.png','image/png','{\"identified\":true,\"analyzed\":true}','amazon',34402,'ArhX8APpdkRVYxI1kswlYw==','2023-12-01 10:39:08.764121'),(516,'tsg51sin696qwn7u0hgxq1gdealx','_Lưu phim yêu thích.drawio (1).png','image/png','{\"identified\":true,\"analyzed\":true}','amazon',38338,'YMyzDQxla4fp46U3DZXASA==','2023-12-01 10:39:10.990792'),(517,'pzqzckjplx2ngvrp65b1hdzxvqdq','sex.jpeg','image/jpeg','{\"identified\":true,\"analyzed\":true}','amazon',31690,'G1U2+MA43BM7XHVsU9cwTA==','2023-12-01 10:40:38.762222'),(518,'j6w8qhond1b8z55kdeey717sxih0','voi.jpeg','image/jpeg','{\"identified\":true,\"analyzed\":true}','amazon',181629,'O0Sdm6GFxjEE9pOUt89ynQ==','2023-12-01 10:41:14.038917'),(519,'9cclhtzz66wi8wr2xfyawkj4sqp4','_Tải phim.drawio (1).png','image/png','{\"identified\":true,\"analyzed\":true}','amazon',34895,'KaFvC+P6WoGZLDs4q6eksw==','2023-12-01 10:44:59.592648'),(520,'g0b5zoscif9cllthhe32lo5nse6m','_Chức năng theo dõi phim.drawio.png','image/png','{\"identified\":true,\"analyzed\":true}','amazon',34402,'ArhX8APpdkRVYxI1kswlYw==','2023-12-01 10:46:18.829700'),(521,'yu5pgj7379vsczdt4clt2mhyklo5','_Lưu phim yêu thích.drawio (1).png','image/png','{\"identified\":true,\"analyzed\":true}','amazon',38338,'YMyzDQxla4fp46U3DZXASA==','2023-12-01 10:46:21.180242'),(522,'h8biyk34vlw99iq14ud5hwqzrevw','_Lưu phim yêu thích.drawio.png','image/png','{\"identified\":true,\"analyzed\":true}','amazon',37242,'9uToGGqIQOgenPRENf1KlA==','2023-12-01 10:46:23.260020'),(523,'fzw6npamuw8s5kdz1yifb1ejon61','voi.jpeg','image/jpeg','{\"identified\":true,\"analyzed\":true}','amazon',181629,'O0Sdm6GFxjEE9pOUt89ynQ==','2023-12-01 10:46:37.586076'),(524,'4n07lwi9eqax1ymmrnthy7dhyn0w','maltese-portrait.jpg','image/jpeg','{\"identified\":true,\"analyzed\":true}','amazon',15881,'CF2tZ1ukNMy88mxevibvqg==','2023-12-01 17:10:21.837767'),(537,'8lag470l18yupe996zscdw6ityox','voi.jpeg','image/jpeg','{\"identified\":true,\"analyzed\":true}','amazon',181629,'O0Sdm6GFxjEE9pOUt89ynQ==','2023-12-02 08:26:00.726545'),(538,'12ne9cyu9tyeqjsqj3tccngp8jjy','voirobot.jpeg','image/jpeg','{\"identified\":true,\"analyzed\":true}','amazon',195552,'3jffELpfHOTqv0M70vxtFg==','2023-12-02 08:27:49.460353'),(539,'lpfqz3kk1cdlvemy7t04c3g82d9g','avatar (1).png','image/png','{\"identified\":true,\"analyzed\":true}','amazon',20379,'Tk9ek0736SylsUoomG7hFA==','2023-12-02 08:30:15.122951'),(540,'0w1ej88g2mskydowtqj8hsppftvu','IMG_20231125_190546.jpg','image/jpeg','{\"identified\":true,\"analyzed\":true}','amazon',3612650,'Kw1VFM/AgQI72UJvDeVehQ==','2023-12-05 06:20:14.367018'),(541,'m7kj9yamujv64vn3pcbk68sdrgkn','CAP4863545705250988339.jpg','image/jpeg','{\"identified\":true,\"analyzed\":true}','amazon',159804,'A7QdxEQ6qXOjAoxjbFLM4Q==','2023-12-05 16:27:12.138660'),(542,'3gn57nhr96fzgxcbe9phgx6adzws','CAP4424668327873290704.jpg','image/jpeg','{\"identified\":true,\"analyzed\":true}','amazon',182657,'eBbXAZoF+VbNHxaQ/cbNMA==','2023-12-05 16:38:49.154789'),(543,'oorj41sgo49lpwkq523vecfslzv6','FB_IMG_1700374509344.jpg','image/jpeg','{\"identified\":true,\"analyzed\":true}','amazon',43260,'64oGj+gINtQbn1PuPI/eig==','2023-12-05 19:51:42.511186'),(544,'qwlr4gsdawa6magsj2s5jlts5mpm','CAP8713149120360262300.jpg','image/jpeg','{\"identified\":true,\"analyzed\":true}','amazon',48873,'UtDgvKLDDBHFmGmj8Bbx/A==','2023-12-06 03:28:02.267342'),(545,'qqnpcy5sttukmolw3ta5frwdq9sh','CAP1943745832163103867.jpg','image/jpeg','{\"identified\":true,\"analyzed\":true}','amazon',135358,'ozt3jbLdE9EwgqUISRTsEg==','2023-12-06 03:30:19.714697'),(546,'hltssiy7j25zbmhmip4yg1pk4qrz','CAP2660258628720608372.jpg','image/jpeg','{\"identified\":true,\"analyzed\":true}','amazon',151041,'J+I6cTALhXrSVHV0fnIQcg==','2023-12-06 03:32:32.189034'),(547,'az5ksukh5y67cmo06c8mrge53wbh','CAP3711435869287308124.jpg','image/jpeg','{\"identified\":true,\"analyzed\":true}','amazon',144103,'SFpu0F4DoyrWvtwmdQWAXQ==','2023-12-06 03:37:54.762297'),(548,'7lkf0k1k0dez4tui92ikizxikpdp','CAP3694935755924163652.jpg','image/jpeg','{\"identified\":true,\"analyzed\":true}','amazon',151600,'LrV0Ib8VHZxjKRyXzVZflA==','2023-12-06 03:40:24.250661'),(549,'wfi3k6k3kwnf5zr7cxiojg8tovf4','CAP2670707135693916505.jpg','image/jpeg','{\"identified\":true,\"analyzed\":true}','amazon',263139,'up17Jk8W0k55XOp78BHyyQ==','2023-12-06 04:13:22.680431'),(550,'u6tpt44d1i02b2jk6dlldo5pnfon','CAP1557586273544513603.jpg','image/jpeg','{\"identified\":true,\"analyzed\":true}','amazon',179984,'h500TEpU/FDB8BxPVJ/mEQ==','2023-12-06 10:28:24.919162'),(551,'flh91x1gy5duum59zo97ioow2kz1','CAP3355596195154334340.jpg','image/jpeg','{\"identified\":true,\"analyzed\":true}','amazon',205952,'EteIgB+8OTdexqmvHDTw4w==','2023-12-06 12:03:09.091972'),(552,'3nai5ws45dhgq8n4jg2q867wocdd','CAP8562809234470855084.jpg','image/jpeg','{\"identified\":true,\"analyzed\":true}','amazon',160899,'Ut4Y2ZezVa9Ju4P+r0gLlg==','2023-12-06 12:05:49.274374'),(553,'z9lg6k30cud9urpom1bv3fi2ci17','CAP4299643358628966935.jpg','image/jpeg','{\"identified\":true,\"analyzed\":true}','amazon',159669,'kv/oPUgNCQ9VOq1yM7RIdQ==','2023-12-06 12:06:44.752536'),(554,'g5p7ld2ptn7g7osh47toeneqdlnj','CAP2514171796135570157.jpg','image/jpeg','{\"identified\":true,\"analyzed\":true}','amazon',162562,'gxKxKbrs+6PvFHvL1uQZQg==','2023-12-06 12:08:48.893640'),(555,'xrm3v377dnplmgf7odf4045ax58h','CAP2542549810886870774.jpg','image/jpeg','{\"identified\":true,\"analyzed\":true}','amazon',162528,'j8l0yX0nQyrHnGY0RWGzLg==','2023-12-06 12:09:01.821279'),(556,'pxr4vjajemr89qbizmlwltmewnzv','Screenshot_2023-11-01-01-08-15-218-edit_com.facebook.katana.jpg','image/jpeg','{\"identified\":true,\"analyzed\":true}','amazon',59814,'/MNRNh2fTpZhc3UZ7xr5cw==','2023-12-06 13:00:08.016053'),(557,'e5o4ugdstl6ks7n4fl1s0z6czguw','Screenshot_2023-12-01-01-32-49-582_com.ss.android.ugc.trill.jpg','image/jpeg','{\"identified\":true,\"analyzed\":true}','amazon',419198,'rH/5NvKG+fX4PQ9NA6RbBQ==','2023-12-06 14:39:29.294151'),(600,'cj0eyt115t3gwh0b9mmn6cj9nlna','received_782401053341449.jpg','image/jpeg','{\"identified\":true,\"analyzed\":true}','amazon',200772,'O8y3kNWwUfFxo5YAy44/gA==','2023-12-07 08:54:47.641696'),(601,'nkfx0psaiyzx9lp1zmfng61q4j3y','CAP7042553122082589846.jpg','image/jpeg','{\"identified\":true,\"analyzed\":true}','amazon',226033,'w2Un0NLQzswYE+8Svo1QDA==','2023-12-07 09:20:21.870855'),(602,'z74ndv9tfwd3cht2kgpsl6v5jknu','DALL·E 2023-12-08 16.40.54 - Create an image of a majestic tiger in its natural habitat, showcasing its vibrant orange fur with black stripes. The tiger should be positioned in a .png','image/png','{\"identified\":true,\"analyzed\":true}','amazon',2080906,'AO8HH3/WVnKTJIzQrvWGtA==','2023-12-08 09:41:18.910622'),(603,'agcvm0b8dbpjqre9trp93xamjat5','IMG_3300.JPG','image/jpeg','{\"identified\":true,\"analyzed\":true}','amazon',4722904,'pUVrTOkFuyiubj8f4atwPg==','2023-12-08 09:43:13.781329'),(604,'jy6o22ze6ufcgbzxyyeabrjbzci2','tiger.webp','image/webp','{\"identified\":true,\"analyzed\":true}','amazon',345066,'PqOiS+9bzZftr+kge5h9yQ==','2023-12-08 09:44:09.587012'),(605,'16z9950z783sj77qp5h5f6wwhkzu','tiger.png','image/webp','{\"identified\":true,\"analyzed\":true}','amazon',86134,'riLFRHbSzNccrbCWFr0Bvg==','2023-12-08 09:44:59.064127'),(606,'39wbw7wapslwucmhe8zez09q08bj','tiger1.png','image/png','{\"identified\":true,\"analyzed\":true}','amazon',2111907,'L3eGZN5+ehQm2o1qB6usVg==','2023-12-08 09:47:44.341620'),(607,'64brn93c9ucnfp8swkamvt1e3ghe','Ảnh chụp màn hình 2023-11-29 195204.png','image/png','{\"identified\":true,\"analyzed\":true}','amazon',84920,'wpSdqfVvDFG/iW824B2ffQ==','2023-12-09 04:34:53.907190'),(608,'lsx50qfuzqcp6l90xhfoxod2riyx','Ảnh chụp màn hình 2023-11-29 195235.png','image/png','{\"identified\":true,\"analyzed\":true}','amazon',59731,'Xeun2fJ3pA70bPUJRMTpCA==','2023-12-09 04:34:54.481026'),(609,'1h207h6n58etmq4xhpri6z8gvmbg','Ảnh chụp màn hình 2023-11-29 195247.png','image/png','{\"identified\":true,\"analyzed\":true}','amazon',60183,'sW0rcOXOEbarMMQUYVyjsg==','2023-12-09 04:34:54.707515'),(610,'vwmlxdogta0bvgmpm83riqmowy0f','Ảnh chụp màn hình 2023-11-29 195514.png','image/png','{\"identified\":true,\"analyzed\":true}','amazon',72881,'Jl+Dg72AYWchjDMBxynnMA==','2023-12-09 04:34:54.949637');
/*!40000 ALTER TABLE `active_storage_blobs` ENABLE KEYS */;
UNLOCK TABLES;

--
-- Table structure for table `active_storage_variant_records`
--

DROP TABLE IF EXISTS `active_storage_variant_records`;
/*!40101 SET @saved_cs_client     = @@character_set_client */;
/*!50503 SET character_set_client = utf8mb4 */;
CREATE TABLE `active_storage_variant_records` (
  `id` bigint NOT NULL AUTO_INCREMENT,
  `blob_id` bigint NOT NULL,
  `variation_digest` varchar(255) NOT NULL,
  PRIMARY KEY (`id`),
  UNIQUE KEY `index_active_storage_variant_records_uniqueness` (`blob_id`,`variation_digest`),
  CONSTRAINT `fk_rails_993965df05` FOREIGN KEY (`blob_id`) REFERENCES `active_storage_blobs` (`id`)
) ENGINE=InnoDB DEFAULT CHARSET=utf8mb4 COLLATE=utf8mb4_0900_ai_ci;
/*!40101 SET character_set_client = @saved_cs_client */;

--
-- Dumping data for table `active_storage_variant_records`
--

LOCK TABLES `active_storage_variant_records` WRITE;
/*!40000 ALTER TABLE `active_storage_variant_records` DISABLE KEYS */;
/*!40000 ALTER TABLE `active_storage_variant_records` ENABLE KEYS */;
UNLOCK TABLES;

--
-- Table structure for table `ar_internal_metadata`
--

DROP TABLE IF EXISTS `ar_internal_metadata`;
/*!40101 SET @saved_cs_client     = @@character_set_client */;
/*!50503 SET character_set_client = utf8mb4 */;
CREATE TABLE `ar_internal_metadata` (
  `key` varchar(255) NOT NULL,
  `value` varchar(255) DEFAULT NULL,
  `created_at` datetime(6) NOT NULL,
  `updated_at` datetime(6) NOT NULL,
  PRIMARY KEY (`key`)
) ENGINE=InnoDB DEFAULT CHARSET=utf8mb4 COLLATE=utf8mb4_0900_ai_ci;
/*!40101 SET character_set_client = @saved_cs_client */;

--
-- Dumping data for table `ar_internal_metadata`
--

LOCK TABLES `ar_internal_metadata` WRITE;
/*!40000 ALTER TABLE `ar_internal_metadata` DISABLE KEYS */;
INSERT INTO `ar_internal_metadata` VALUES ('environment','development','2023-09-20 03:18:37.758202','2023-09-20 03:18:37.758202');
/*!40000 ALTER TABLE `ar_internal_metadata` ENABLE KEYS */;
UNLOCK TABLES;

--
-- Table structure for table `friends`
--

DROP TABLE IF EXISTS `friends`;
/*!40101 SET @saved_cs_client     = @@character_set_client */;
/*!50503 SET character_set_client = utf8mb4 */;
CREATE TABLE `friends` (
  `id` bigint NOT NULL AUTO_INCREMENT,
  `receiver_id` bigint DEFAULT NULL COMMENT 'Người NHẬN lời mời kết bạn',
  `sender_id` bigint DEFAULT NULL COMMENT 'Người GỬI lời mời kết bạn',
  `friend_status` int DEFAULT NULL COMMENT 'Trạng thái kết bạn: enum friend_status',
  `friend_type` int DEFAULT NULL COMMENT 'Loại bạn bè: enum friend_type',
  `created_at` datetime(6) NOT NULL,
  `updated_at` datetime(6) NOT NULL,
  PRIMARY KEY (`id`),
  KEY `index_friends_on_receiver_id` (`receiver_id`),
  KEY `index_friends_on_sender_id` (`sender_id`),
  CONSTRAINT `fk_rails_0412b85c79` FOREIGN KEY (`sender_id`) REFERENCES `users` (`id`) ON DELETE CASCADE,
  CONSTRAINT `fk_rails_3f72b4a967` FOREIGN KEY (`receiver_id`) REFERENCES `users` (`id`) ON DELETE CASCADE
) ENGINE=InnoDB AUTO_INCREMENT=1718 DEFAULT CHARSET=utf8mb4 COLLATE=utf8mb4_0900_ai_ci;
/*!40101 SET character_set_client = @saved_cs_client */;

--
-- Dumping data for table `friends`
--

LOCK TABLES `friends` WRITE;
/*!40000 ALTER TABLE `friends` DISABLE KEYS */;
INSERT INTO `friends` VALUES (9,7,8,2,1,'2023-10-21 21:03:49.788635','2023-11-04 03:49:10.388445'),(11,6,7,2,1,'2023-11-04 04:08:52.652104','2023-11-04 04:19:37.804722'),(69,226,6,1,1,'2023-11-27 14:52:44.347568','2023-11-27 14:52:44.347568'),(70,8,39,1,1,'2023-11-27 14:53:49.686839','2023-11-27 14:53:49.686839'),(71,139,39,1,1,'2023-11-27 14:53:55.364134','2023-11-27 14:53:55.364134'),(85,2099,2429,2,1,'2023-11-30 15:24:53.573080','2023-11-30 15:25:54.723740'),(86,225,2429,1,1,'2023-11-30 15:25:27.936538','2023-11-30 15:25:27.936538'),(87,140,2429,1,1,'2023-11-30 15:25:28.973867','2023-11-30 15:25:28.973867'),(94,2429,39,1,1,'2023-12-01 17:19:10.387264','2023-12-01 17:19:10.387264'),(95,2430,39,1,1,'2023-12-01 17:19:11.740020','2023-12-01 17:19:11.740020'),(96,40,39,1,1,'2023-12-01 17:19:21.895036','2023-12-01 17:19:21.895036'),(98,7,39,1,1,'2023-12-01 17:28:55.799023','2023-12-01 17:28:55.799023'),(100,39,2098,2,1,'2023-12-01 17:43:11.711092','2023-12-01 17:43:50.814279'),(107,2099,140,2,1,'2023-12-02 08:28:18.148407','2023-12-02 08:28:44.371115'),(775,6,39,1,1,'2023-12-08 09:16:29.952673','2023-12-08 09:16:29.952673'),(1119,2430,4175,1,1,'2023-12-08 10:11:57.975791','2023-12-08 10:11:57.975791'),(1120,2429,4175,1,1,'2023-12-08 10:12:06.205274','2023-12-08 10:12:06.205274'),(1121,2099,4175,1,1,'2023-12-08 10:12:10.637413','2023-12-08 10:12:10.637413');
/*!40000 ALTER TABLE `friends` ENABLE KEYS */;
UNLOCK TABLES;

--
-- Table structure for table `images`
--

DROP TABLE IF EXISTS `images`;
/*!40101 SET @saved_cs_client     = @@character_set_client */;
/*!50503 SET character_set_client = utf8mb4 */;
CREATE TABLE `images` (
  `id` bigint NOT NULL AUTO_INCREMENT,
  `url` longtext COMMENT 'đường dẫn tới ảnh',
  `created_at` datetime(6) NOT NULL,
  `updated_at` datetime(6) NOT NULL,
  `user_id` bigint DEFAULT NULL,
  PRIMARY KEY (`id`),
  KEY `index_images_on_user_id` (`user_id`)
) ENGINE=InnoDB AUTO_INCREMENT=500 DEFAULT CHARSET=utf8mb4 COLLATE=utf8mb4_0900_ai_ci;
/*!40101 SET character_set_client = @saved_cs_client */;

--
-- Dumping data for table `images`
--

LOCK TABLES `images` WRITE;
/*!40000 ALTER TABLE `images` DISABLE KEYS */;
INSERT INTO `images` VALUES (12,'https://social-media-image.s3.ap-southeast-1.amazonaws.com/ewr6k0vs0t18a93xw1vshtuvzncg?response-content-disposition=inline%3B%20filename%3D%22download.jpg%22%3B%20filename%2A%3DUTF-8%27%27download.jpg&response-content-type=image%2Fjpeg&X-Amz-Algorithm=AWS4-HMAC-SHA256&X-Amz-Credential=AKIA44LRMP7DFAFORWNE%2F20231003%2Fap-southeast-1%2Fs3%2Faws4_request&X-Amz-Date=20231003T155259Z&X-Amz-Expires=300&X-Amz-SignedHeaders=host&X-Amz-Signature=53935f20fc2e0b44d8b1c7dc6736e15cafd7cfc0044011d2ae3a6df37e3a5e96','2023-10-03 15:52:59.151651','2023-10-03 15:53:00.000405',6),(22,'https://s3-ap-southeast-1.amazonaws.com/social-media-image/hotkzhok2pjob0bk2q6llgyp19bu','2023-10-04 12:12:12.830410','2023-10-04 12:12:17.526760',NULL),(36,'https://social-media-image.s3.ap-southeast-1.amazonaws.com/p0ex18njplkuamgxror9bv3pu9q4?response-content-disposition=inline%3B%20filename%3D%22380814919_1268990633764524_7040189853800255911_n.jpg%22%3B%20filename%2A%3DUTF-8%27%27380814919_1268990633764524_7040189853800255911_n.jpg&response-content-type=image%2Fjpeg&X-Amz-Algorithm=AWS4-HMAC-SHA256&X-Amz-Credential=AKIA44LRMP7DFAFORWNE%2F20231004%2Fap-southeast-1%2Fs3%2Faws4_request&X-Amz-Date=20231004T133756Z&X-Amz-Expires=300&X-Amz-SignedHeaders=host&X-Amz-Signature=6219785e615d56b0ab8c6028ff9ae4f29b4ae01abcbc7d2e51dc0c15f1408bd0','2023-10-04 13:37:55.723002','2023-10-04 13:37:56.885751',6),(37,'https://social-media-image.s3.ap-southeast-1.amazonaws.com/f50f95g05vfsggzav3fyjv38qae3?response-content-disposition=inline%3B%20filename%3D%22362630674_3496252393961433_1059825531598717813_n.jpg%22%3B%20filename%2A%3DUTF-8%27%27362630674_3496252393961433_1059825531598717813_n.jpg&response-content-type=image%2Fjpeg&X-Amz-Algorithm=AWS4-HMAC-SHA256&X-Amz-Credential=AKIA44LRMP7DFAFORWNE%2F20231004%2Fap-southeast-1%2Fs3%2Faws4_request&X-Amz-Date=20231004T133801Z&X-Amz-Expires=300&X-Amz-SignedHeaders=host&X-Amz-Signature=3a096d0e7cba4219316e8b86b60686163a952859a2de845e1800c909b142a3b7','2023-10-04 13:38:00.801298','2023-10-04 13:38:01.834569',6),(40,'https://s3-ap-southeast-1.amazonaws.com/social-media-image/pw47r05jsdge6cflgfgv0vrwjxgx','2023-10-04 14:13:04.434084','2023-10-04 14:13:06.495359',7),(41,'https://s3-ap-southeast-1.amazonaws.com/social-media-image/j0cutgv1cg84dd9f64t8vw63rugm','2023-10-04 14:29:41.891317','2023-10-04 14:30:11.361809',6),(43,NULL,'2023-10-06 19:43:32.399331','2023-10-06 19:43:32.982161',NULL),(44,'https://s3-ap-southeast-1.amazonaws.com/social-media-image/gdvuuhaw3lz4vz32shszdzhihu7e','2023-10-06 19:52:10.523236','2023-10-06 19:52:11.733381',7),(45,'https://s3-ap-southeast-1.amazonaws.com/social-media-image/1ptggjwnfe964ed84knlralg6lcj','2023-10-06 20:05:51.785664','2023-10-06 20:05:52.688999',7),(46,'https://s3-ap-southeast-1.amazonaws.com/social-media-image/dju7i93eytibhv5dqexe9am5hn4r','2023-10-06 20:08:57.774195','2023-10-06 20:08:58.686338',7),(47,'https://s3-ap-southeast-1.amazonaws.com/social-media-image/88jmm0lavf4gc68kcxonrknc8yld','2023-10-07 10:18:36.922500','2023-10-07 10:18:37.904626',6),(48,'https://s3-ap-southeast-1.amazonaws.com/social-media-image/4l7888ax15cvn0b6pr7b6g8dvs81','2023-10-08 09:45:11.725073','2023-10-08 09:45:12.632202',6),(49,'https://s3-ap-southeast-1.amazonaws.com/social-media-image/xrhsl3mexhaec1zal5y8l39jeksr','2023-10-09 11:53:34.624871','2023-10-09 11:53:35.596002',7),(50,'https://s3-ap-southeast-1.amazonaws.com/social-media-image/vtht7kk3ghodvj5u0fnmsj4qqo23','2023-10-09 11:54:35.318121','2023-10-09 11:54:36.352171',7),(51,'https://s3-ap-southeast-1.amazonaws.com/social-media-image/kglr1t5mydht25rxkwcx9h9owq90','2023-10-09 11:55:06.156922','2023-10-09 11:55:07.138780',7),(52,'https://s3-ap-southeast-1.amazonaws.com/social-media-image/kenvyb3shs1hu71sngjoyl7qktiy','2023-10-09 11:55:32.032073','2023-10-09 11:55:32.929644',7),(53,'https://s3-ap-southeast-1.amazonaws.com/social-media-image/na2p38ypx70cmmykk5o6f2lf6aun','2023-10-09 11:55:49.625270','2023-10-09 11:55:50.638962',7),(54,'https://s3-ap-southeast-1.amazonaws.com/social-media-image/6ctyh4bghhmo18sv40624tjsawyp','2023-10-09 11:56:23.237495','2023-10-09 11:56:24.186773',7),(55,'https://s3-ap-southeast-1.amazonaws.com/social-media-image/v56it7vlnihfsf8s0tnbu2h2vzcu','2023-10-09 11:57:32.168773','2023-10-09 11:57:33.127323',7),(56,'https://s3-ap-southeast-1.amazonaws.com/social-media-image/5k6tb8v95rg8unbfy3y742gnejfo','2023-10-09 11:58:48.976541','2023-10-09 11:58:49.900185',7),(57,'https://s3-ap-southeast-1.amazonaws.com/social-media-image/joa9aw0i2u6oboa1jvf9rbjmc7yw','2023-10-09 11:59:10.701796','2023-10-09 11:59:11.647627',7),(58,'https://s3-ap-southeast-1.amazonaws.com/social-media-image/czr2w8z8sddgwasczgbjjdfetp0i','2023-10-09 12:00:10.330656','2023-10-09 12:00:11.281096',7),(59,'https://s3-ap-southeast-1.amazonaws.com/social-media-image/f5miwa21si6d4cawqiiysx7rcpj5','2023-10-09 12:00:58.097406','2023-10-09 12:00:59.044171',7),(60,'https://s3-ap-southeast-1.amazonaws.com/social-media-image/7dsq71uzbgvklj8ouc89wz95jnbm','2023-10-09 12:03:12.691511','2023-10-09 12:03:13.657550',7),(61,'https://s3-ap-southeast-1.amazonaws.com/social-media-image/t7m8id2g0trll4mgthrv8adqxbm3','2023-10-09 12:03:33.703881','2023-10-09 12:03:34.811647',7),(62,'https://s3-ap-southeast-1.amazonaws.com/social-media-image/ta9kly868c1n4je6m5k5zr4g1475','2023-10-09 12:06:20.836509','2023-10-09 12:06:21.794358',7),(63,'https://s3-ap-southeast-1.amazonaws.com/social-media-image/z7pjrwze1fho8056tp2b7tvk45kh','2023-10-09 12:07:14.808413','2023-10-09 12:07:15.826177',7),(64,'https://s3-ap-southeast-1.amazonaws.com/social-media-image/2fqnwsrs5n5szjasy6zop3zj9xfl','2023-10-09 12:07:36.611679','2023-10-09 12:07:37.579790',7),(65,'https://s3-ap-southeast-1.amazonaws.com/social-media-image/b8a9t679lqxtu17nx6t6a69a7val','2023-10-09 12:08:00.500201','2023-10-09 12:08:01.484992',7),(66,'https://s3-ap-southeast-1.amazonaws.com/social-media-image/8pf2rfryjfmg1fg4yw6s6av0f7ti','2023-10-09 12:09:14.924876','2023-10-09 12:09:15.981983',7),(67,'https://s3-ap-southeast-1.amazonaws.com/social-media-image/y4nsea0uumf9tz6ddnknc5q0bj3a','2023-10-09 12:12:57.140960','2023-10-09 12:12:58.090702',7),(68,'https://s3-ap-southeast-1.amazonaws.com/social-media-image/53qq7t2jr6e63ul5j60o1ym3jpz6','2023-10-09 12:13:22.938061','2023-10-09 12:13:23.823604',7),(69,'https://s3-ap-southeast-1.amazonaws.com/social-media-image/4jwx38saei5n5mj6ex5w1e9vg7pr','2023-10-09 12:13:44.096017','2023-10-09 12:13:45.023851',7),(70,'https://s3-ap-southeast-1.amazonaws.com/social-media-image/x76l1zvoicxvk2dw3oe5hmcc1atr','2023-10-09 12:14:15.011395','2023-10-09 12:14:15.900852',7),(71,'https://s3-ap-southeast-1.amazonaws.com/social-media-image/ka30uqfaw6p8fu3fbl6u0j7c0ze4','2023-10-09 12:21:55.511790','2023-10-09 12:21:56.391329',7),(72,'https://s3-ap-southeast-1.amazonaws.com/social-media-image/lezlpul9t751syt6si67z66i2vsy','2023-10-09 12:24:31.719962','2023-10-09 12:24:32.682780',7),(73,'https://s3-ap-southeast-1.amazonaws.com/social-media-image/1n1tpec3of4gf7mcahh8ad09365v','2023-10-09 13:00:33.867409','2023-10-09 13:00:34.840899',7),(74,'https://s3-ap-southeast-1.amazonaws.com/social-media-image/5dfqdfmvztzlhbp4dgccyahmubyp','2023-10-09 13:00:40.488540','2023-10-09 13:00:41.430738',7),(75,'https://s3-ap-southeast-1.amazonaws.com/social-media-image/787oalh97r95szu8topxo2xj8ocm','2023-10-09 13:01:15.338445','2023-10-09 13:01:16.310970',7),(76,'https://s3-ap-southeast-1.amazonaws.com/social-media-image/7586d2ef82axpfoocyzou7bbbrfh','2023-10-09 13:01:21.768077','2023-10-09 13:01:22.701021',7),(77,'https://s3-ap-southeast-1.amazonaws.com/social-media-image/z3wl9duxz1er1nlu3tkbbkrdrrmu','2023-10-09 13:01:59.872643','2023-10-09 13:02:00.915906',7),(78,'https://s3-ap-southeast-1.amazonaws.com/social-media-image/3ue75693y2n1ujltvp8f52zggq4b','2023-10-09 13:02:25.636099','2023-10-09 13:02:26.528169',7),(79,'https://s3-ap-southeast-1.amazonaws.com/social-media-image/nxb4j6hzrem9sjhxjr3qzy3ds2ig','2023-10-09 13:02:45.189461','2023-10-09 13:02:46.218017',7),(80,'https://s3-ap-southeast-1.amazonaws.com/social-media-image/cf9ap4qhh5cmb4smczunlhvkawe3','2023-10-09 13:03:10.302292','2023-10-09 13:03:11.237407',7),(81,'https://s3-ap-southeast-1.amazonaws.com/social-media-image/fw0tlva1bcmgufjmhgslij9wj278','2023-10-09 13:04:50.325762','2023-10-09 13:04:51.367135',7),(82,'https://s3-ap-southeast-1.amazonaws.com/social-media-image/1c4tv2fr3yma9uztbv33au354sg0','2023-10-09 13:04:56.492659','2023-10-09 13:04:57.495397',7),(83,'https://s3-ap-southeast-1.amazonaws.com/social-media-image/m5x2ns6qqyvjt3ey4flejv4fq6va','2023-10-09 13:05:03.581360','2023-10-09 13:05:04.488365',7),(84,'https://s3-ap-southeast-1.amazonaws.com/social-media-image/o5b31xkvetyb1iy5e7a8f0kf4atg','2023-10-09 13:05:41.653570','2023-10-09 13:05:42.635422',7),(85,'https://s3-ap-southeast-1.amazonaws.com/social-media-image/7r1yk6yh19i2uh82wtijdu6opc4g','2023-10-09 13:05:53.632864','2023-10-09 13:05:54.598225',7),(86,'https://s3-ap-southeast-1.amazonaws.com/social-media-image/d35hpv5lfddjkpxejl27karylb59','2023-10-09 13:06:21.446132','2023-10-09 13:06:22.457873',7),(87,'https://s3-ap-southeast-1.amazonaws.com/social-media-image/p050dqbbqjtkcw2mkklzn9h9qpfk','2023-10-09 13:06:25.311965','2023-10-09 13:06:26.018690',7),(88,'https://s3-ap-southeast-1.amazonaws.com/social-media-image/u2f9atuj8xmwr0rfxpesumeizrr9','2023-10-09 13:14:58.045329','2023-10-09 13:14:59.112447',7),(89,'https://s3-ap-southeast-1.amazonaws.com/social-media-image/v0f02ab1bcdp4xdt0oo3vtrt2yei','2023-10-09 13:15:49.638021','2023-10-09 13:15:50.571038',7),(90,'https://s3-ap-southeast-1.amazonaws.com/social-media-image/a4hh51he9ffqze3nj9oibgqy859s','2023-10-09 13:16:11.572700','2023-10-09 13:16:12.617448',7),(91,'https://s3-ap-southeast-1.amazonaws.com/social-media-image/mooehl474h9bt6j785kptw1fpxqh','2023-10-09 13:16:25.695970','2023-10-09 13:16:26.645986',7),(92,'https://s3-ap-southeast-1.amazonaws.com/social-media-image/4g3eelkk1m0qrjo10mr379pbxewg','2023-10-09 13:16:32.988363','2023-10-09 13:16:33.971090',7),(93,'https://s3-ap-southeast-1.amazonaws.com/social-media-image/ucjqm3njcznuaw4u88rb3nvrpftj','2023-10-09 13:20:21.782554','2023-10-09 13:20:22.733703',7),(94,'https://s3-ap-southeast-1.amazonaws.com/social-media-image/i87org6ef9uqrlhc3q22hllq6jmr','2023-10-09 13:29:03.097165','2023-10-09 13:29:04.094856',7),(95,'https://s3-ap-southeast-1.amazonaws.com/social-media-image/gt21k5m43cx4xqdba5c7c1hy1o8r','2023-10-09 13:29:38.072537','2023-10-09 13:29:38.990360',7),(96,'https://s3-ap-southeast-1.amazonaws.com/social-media-image/74xaux3vw09tzxb3kl3jolqw54g7','2023-10-09 13:34:27.434468','2023-10-09 13:34:28.499282',7),(97,'https://s3-ap-southeast-1.amazonaws.com/social-media-image/npjn3i22xzqtr4rked54dylp2oix','2023-10-09 13:34:28.976456','2023-10-09 13:34:29.719121',7),(98,'https://s3-ap-southeast-1.amazonaws.com/social-media-image/si8cj3rqf1ew19xqswqon751lgk1','2023-10-09 13:34:30.126692','2023-10-09 13:34:30.847033',7),(99,'https://s3-ap-southeast-1.amazonaws.com/social-media-image/zxsn8j0wcrj94scmnxra9iz71v6g','2023-10-09 13:37:57.497072','2023-10-09 13:37:58.440392',7),(100,'https://s3-ap-southeast-1.amazonaws.com/social-media-image/s85kzu7lexga7q4og652pf85u1gv','2023-10-09 13:37:59.383116','2023-10-09 13:38:00.067365',7),(101,'https://s3-ap-southeast-1.amazonaws.com/social-media-image/ig0kszww7i8rdu89djh053int5c2','2023-10-09 13:38:00.525883','2023-10-09 13:38:01.252788',7),(102,'https://s3-ap-southeast-1.amazonaws.com/social-media-image/o8tirvqpx9nhpfgsjqprf5scttug','2023-10-09 14:35:29.568644','2023-10-09 14:35:30.646010',7),(103,'https://s3-ap-southeast-1.amazonaws.com/social-media-image/o7r3010097159b55xddjht600pq8','2023-10-09 14:57:19.110486','2023-10-09 14:57:20.133997',7),(104,'https://s3-ap-southeast-1.amazonaws.com/social-media-image/ahm5cpsxkzb6pdo3aqxwowtrq60p','2023-10-09 14:57:20.564035','2023-10-09 14:57:21.329048',7),(105,'https://s3-ap-southeast-1.amazonaws.com/social-media-image/x7zzv84vf9lc30qsxab4dy46k1ky','2023-10-09 14:57:21.777909','2023-10-09 14:57:22.549210',7),(106,'https://s3-ap-southeast-1.amazonaws.com/social-media-image/gjtrkyd9k29ng175sgq4c1tins1l','2023-10-09 14:57:22.971405','2023-10-09 14:57:23.745303',7),(107,'https://s3-ap-southeast-1.amazonaws.com/social-media-image/bf0did670yncrod0fmhru8u1mb4u','2023-10-09 15:25:07.392856','2023-10-09 15:25:08.402436',7),(108,'https://s3-ap-southeast-1.amazonaws.com/social-media-image/z4t4jzhbpcc0v0a19yethcdnn0e6','2023-10-09 15:25:08.777660','2023-10-09 15:25:09.486605',7),(109,'https://s3-ap-southeast-1.amazonaws.com/social-media-image/xoq58sn61xwuzq2ely6ku0vrtil1','2023-10-09 15:25:09.856737','2023-10-09 15:25:10.573084',7),(110,'https://s3-ap-southeast-1.amazonaws.com/social-media-image/w3exv76ebt95tpl85f8gvcbmcbky','2023-10-09 15:25:10.967068','2023-10-09 15:25:11.688518',7),(111,'https://s3-ap-southeast-1.amazonaws.com/social-media-image/fuqf2lmlwfsaekxzy0kdpd4p9pt7','2023-10-09 15:25:12.064872','2023-10-09 15:25:12.797390',7),(112,'https://s3-ap-southeast-1.amazonaws.com/social-media-image/bx5c7yt2qw4pdlgmejc4l6j7v4op','2023-10-09 16:12:24.057529','2023-10-09 16:12:25.031272',7),(113,'https://s3-ap-southeast-1.amazonaws.com/social-media-image/ros4k7ji9smbxdx03amyq3sr7ucp','2023-10-09 16:12:25.523631','2023-10-09 16:12:26.236111',7),(114,'https://s3-ap-southeast-1.amazonaws.com/social-media-image/kews69fzm8abwu1vd7pb6zy99jdx','2023-10-09 16:12:26.731718','2023-10-09 16:12:27.468300',7),(115,'https://s3-ap-southeast-1.amazonaws.com/social-media-image/tslel7pym8g6qorifsbkb00drzkh','2023-10-09 16:12:27.954764','2023-10-09 16:12:28.663439',7),(116,'https://s3-ap-southeast-1.amazonaws.com/social-media-image/lbv3k0vwt1ts2821bdcmw6opxp46','2023-10-09 16:14:29.383570','2023-10-09 16:14:30.370367',7),(117,'https://s3-ap-southeast-1.amazonaws.com/social-media-image/owwgzgobogamk550v6z2opoi3ndm','2023-10-09 16:14:30.764283','2023-10-09 16:14:31.494591',7),(118,'https://s3-ap-southeast-1.amazonaws.com/social-media-image/2umjbatj7xnt3ew7ba7lp8eznzxm','2023-10-09 16:14:31.963979','2023-10-09 16:14:32.675176',7),(119,'https://s3-ap-southeast-1.amazonaws.com/social-media-image/g36h2nef0jk5uiufdncnnifbtpd8','2023-10-09 16:14:33.123560','2023-10-09 16:14:33.863787',7),(120,'https://s3-ap-southeast-1.amazonaws.com/social-media-image/k9euxbp1zwztloxtqevkmdia2i3x','2023-10-09 16:20:10.263174','2023-10-09 16:20:11.240858',7),(121,'https://s3-ap-southeast-1.amazonaws.com/social-media-image/5oyo370ov3mszjl8pi7r4r34cliz','2023-10-09 16:20:11.779325','2023-10-09 16:20:12.492341',7),(122,'https://s3-ap-southeast-1.amazonaws.com/social-media-image/la21tg344vxpc54cix1f81y402c2','2023-10-09 16:20:12.918559','2023-10-09 16:20:13.631452',7),(123,'https://s3-ap-southeast-1.amazonaws.com/social-media-image/ko7dov5xplwft17kx3if354xn6ps','2023-10-09 16:22:49.604508','2023-10-09 16:22:50.724810',7),(124,'https://s3-ap-southeast-1.amazonaws.com/social-media-image/rzbruab3yk11hlh65vsvaapo0wlp','2023-10-09 16:24:20.959529','2023-10-09 16:24:21.930825',7),(125,'https://s3-ap-southeast-1.amazonaws.com/social-media-image/0mjqji8svdxx6ornr3hhspvlv8zi','2023-10-09 16:24:22.444459','2023-10-09 16:24:23.229045',7),(126,'https://s3-ap-southeast-1.amazonaws.com/social-media-image/7ega3fm4qli2ynitwd8ori49c0tt','2023-10-09 16:24:23.631070','2023-10-09 16:24:24.407693',7),(127,'https://s3-ap-southeast-1.amazonaws.com/social-media-image/ucskw256eazlk261absuqk1l6jp2','2023-10-09 16:25:15.049491','2023-10-09 16:25:16.000986',7),(128,'https://s3-ap-southeast-1.amazonaws.com/social-media-image/7my359bfcrjlx3tbwehdz021598z','2023-10-09 16:27:46.866829','2023-10-09 16:27:47.872595',7),(129,'https://s3-ap-southeast-1.amazonaws.com/social-media-image/g23p4ly1dygcfxk4y6s9579ndvl8','2023-10-09 16:29:38.927051','2023-10-09 16:29:40.378371',7),(130,'https://s3-ap-southeast-1.amazonaws.com/social-media-image/rvleb5olitpaqo0wgaizwo1eyh3r','2023-10-09 16:32:19.061141','2023-10-09 16:32:20.394406',7),(131,'https://s3-ap-southeast-1.amazonaws.com/social-media-image/tyhb3gbh6qacv0ei7gfn316o1rez','2023-10-09 16:32:20.954316','2023-10-09 16:32:21.683289',7),(132,'https://s3-ap-southeast-1.amazonaws.com/social-media-image/7l3kjhtq32vqu3q27obsjguj4gyy','2023-10-09 16:41:05.291879','2023-10-09 16:41:06.657558',7),(133,'https://s3-ap-southeast-1.amazonaws.com/social-media-image/mk66u5cz55ntwh5k1ialuww0yzx9','2023-10-09 16:41:07.148832','2023-10-09 16:41:07.962902',7),(134,'https://s3-ap-southeast-1.amazonaws.com/social-media-image/b2j56oiqc68aam732u0j5dphda49','2023-10-09 16:41:48.831620','2023-10-09 16:41:50.146339',7),(135,'https://s3-ap-southeast-1.amazonaws.com/social-media-image/lfh7u4ojf8yhhtuoxmks56ag6xaq','2023-10-09 16:41:50.577435','2023-10-09 16:41:51.261095',7),(136,'https://s3-ap-southeast-1.amazonaws.com/social-media-image/ifrxmwdoqzq6eewcaox70i3eobjq','2023-10-09 17:00:07.185011','2023-10-09 17:00:08.160622',7),(137,'https://s3-ap-southeast-1.amazonaws.com/social-media-image/uuoogcbwy3p25q4njh1uhkb4n67l','2023-10-09 17:00:08.665498','2023-10-09 17:00:09.403751',7),(138,'https://s3-ap-southeast-1.amazonaws.com/social-media-image/ajwxyrkapv1n0rb9gch2so9357of','2023-10-09 17:00:09.898932','2023-10-09 17:00:10.585661',7),(139,'https://s3-ap-southeast-1.amazonaws.com/social-media-image/v9nh3gyq75ijcw5c8dwmped2p69x','2023-10-10 06:34:13.418698','2023-10-10 06:34:14.369691',7),(140,'https://s3-ap-southeast-1.amazonaws.com/social-media-image/q3ma50mcmcyn7vyhsmz8dscvqet5','2023-10-10 06:34:14.815664','2023-10-10 06:34:15.533651',7),(141,'https://s3-ap-southeast-1.amazonaws.com/social-media-image/e7enkvg2v1764l9s3dxgixr0s0tk','2023-10-10 06:34:34.850644','2023-10-10 06:34:35.615670',7),(142,'https://s3-ap-southeast-1.amazonaws.com/social-media-image/sym6vxzdj9s99dbq6w1t0b25hh07','2023-10-10 06:34:36.017173','2023-10-10 06:34:36.571117',7),(143,'https://s3-ap-southeast-1.amazonaws.com/social-media-image/h0lsbxt9yqgk9cpsy7zafjnlhe7o','2023-10-10 06:52:35.441016','2023-10-10 06:52:36.333772',7),(144,'https://s3-ap-southeast-1.amazonaws.com/social-media-image/kxy8zh42ctycvchs2y6rna61wtdp','2023-10-10 06:52:36.787585','2023-10-10 06:52:37.439556',7),(145,'https://s3-ap-southeast-1.amazonaws.com/social-media-image/mrxjv5kwo0ujp8fq66pykwcxup4p','2023-10-10 06:52:37.810612','2023-10-10 06:52:38.371878',7),(146,'https://s3-ap-southeast-1.amazonaws.com/social-media-image/9p9cazw88pbapyv81rvb63vdo1bv','2023-10-10 06:52:38.803923','2023-10-10 06:52:39.382478',7),(147,'https://s3-ap-southeast-1.amazonaws.com/social-media-image/a7ao01oi24ukavh2wvldxuu8j2jt','2023-10-10 06:53:21.658656','2023-10-10 06:53:22.503288',7),(148,'https://s3-ap-southeast-1.amazonaws.com/social-media-image/r2s8szq6bd5hoi4icqg9e53iiz6h','2023-10-10 06:53:22.957030','2023-10-10 06:53:23.577334',7),(149,'https://s3-ap-southeast-1.amazonaws.com/social-media-image/ua1v2zzqw7q9bypwf92c8vme2a6q','2023-10-10 06:53:23.935650','2023-10-10 06:53:24.515602',7),(150,'https://s3-ap-southeast-1.amazonaws.com/social-media-image/s1voc97qb9uejikywh8iz48i2lof','2023-10-10 06:53:24.857162','2023-10-10 06:53:25.431484',7),(151,'https://s3-ap-southeast-1.amazonaws.com/social-media-image/66kh9we062u5o9h7p20t8bryc4sq','2023-10-10 07:02:15.561360','2023-10-10 07:02:16.437622',7),(152,'https://s3-ap-southeast-1.amazonaws.com/social-media-image/jmjem7sivz05zpev1tjy143dm7tb','2023-10-10 07:02:16.984678','2023-10-10 07:02:17.595476',7),(153,'https://s3-ap-southeast-1.amazonaws.com/social-media-image/jcxjmqovzfmnws7pipwb1dd01z5b','2023-10-10 07:02:17.998882','2023-10-10 07:02:18.608245',7),(154,'https://s3-ap-southeast-1.amazonaws.com/social-media-image/vb0kmoapx3tdkkjrxenxeadzzlak','2023-10-10 07:09:33.487011','2023-10-10 07:09:34.399693',7),(155,'https://s3-ap-southeast-1.amazonaws.com/social-media-image/0dzrgn7o60nv0sejuwd7mu1le9o3','2023-10-10 07:09:34.860933','2023-10-10 07:09:35.502738',7),(156,'https://s3-ap-southeast-1.amazonaws.com/social-media-image/l4c8rggw1kpj6q52wg86e3dnu668','2023-10-10 07:09:35.901139','2023-10-10 07:09:36.495877',7),(157,'https://s3-ap-southeast-1.amazonaws.com/social-media-image/18r75umupx6rfhznuwdumy7fzb7w','2023-10-10 07:12:45.072424','2023-10-10 07:12:45.947893',7),(158,'https://s3-ap-southeast-1.amazonaws.com/social-media-image/l6vk8vf35sjsh6ah4ydr03v567sx','2023-10-10 07:12:46.338802','2023-10-10 07:12:46.964299',7),(159,'https://s3-ap-southeast-1.amazonaws.com/social-media-image/5s0jtpu04lyyds7biphil2z0b3w0','2023-10-10 07:12:47.361263','2023-10-10 07:12:47.970207',7),(160,'https://s3-ap-southeast-1.amazonaws.com/social-media-image/y4jfgq4ps9nic7eiz3gplamwjp98','2023-10-10 07:14:23.408837','2023-10-10 07:14:24.318182',7),(161,'https://s3-ap-southeast-1.amazonaws.com/social-media-image/x9et4462m0l7pqvm93lyeah0ypmn','2023-10-10 07:14:24.747312','2023-10-10 07:14:25.387044',7),(162,'https://s3-ap-southeast-1.amazonaws.com/social-media-image/z58zuctcqasoaullfmqa2r12p64v','2023-10-10 07:14:25.858169','2023-10-10 07:14:26.439493',7),(163,'https://s3-ap-southeast-1.amazonaws.com/social-media-image/aqd6iv2r03rv30hzcmeq57arjuoo','2023-10-10 07:14:26.882834','2023-10-10 07:14:27.463011',7),(164,'https://s3-ap-southeast-1.amazonaws.com/social-media-image/7x7nvgpb48bqwhk5o1ombfzoq44i','2023-10-10 07:15:23.839145','2023-10-10 07:15:24.998392',7),(165,'https://s3-ap-southeast-1.amazonaws.com/social-media-image/cwv52to7vazjbw7sh80akqjv6bvy','2023-10-10 07:22:26.493955','2023-10-10 07:22:27.394442',7),(166,'https://s3-ap-southeast-1.amazonaws.com/social-media-image/jdbazjq0xqtn4m9j91cbetzmc2et','2023-10-10 07:22:27.844669','2023-10-10 07:22:28.483466',7),(167,'https://s3-ap-southeast-1.amazonaws.com/social-media-image/o3eqmydwlix7lqw4krx2jfc7fmzp','2023-10-10 07:22:28.854323','2023-10-10 07:22:29.441914',7),(168,'https://s3-ap-southeast-1.amazonaws.com/social-media-image/u8ugeclase55mt2vhq28w48tyywk','2023-10-10 07:22:29.826300','2023-10-10 07:22:30.418382',7),(169,'https://s3-ap-southeast-1.amazonaws.com/social-media-image/h8gu3m8x7zwvlfgjt9jretylxuhp','2023-10-10 07:25:22.382881','2023-10-10 07:25:23.245638',7),(170,'https://s3-ap-southeast-1.amazonaws.com/social-media-image/aucpslcstyaa8cg9ha6v2yowrx0z','2023-10-10 07:25:23.668419','2023-10-10 07:25:24.288498',7),(171,'https://s3-ap-southeast-1.amazonaws.com/social-media-image/50t5o4s8d7p63vnzwncgrqrb1lsl','2023-10-10 07:25:24.700544','2023-10-10 07:25:25.305361',7),(172,'https://s3-ap-southeast-1.amazonaws.com/social-media-image/2ippoqsrwfsborazbs5q3cov2guz','2023-10-10 07:25:25.633346','2023-10-10 07:25:26.199974',7),(173,'https://s3-ap-southeast-1.amazonaws.com/social-media-image/ktnvsxpiuflh4xxs3lmauaikjsst','2023-10-10 08:50:13.769012','2023-10-10 08:50:14.628139',7),(174,'https://s3-ap-southeast-1.amazonaws.com/social-media-image/x1ulgbf57k8ooxfp6jmw31oinmh6','2023-10-10 08:50:15.088043','2023-10-10 08:50:15.708552',7),(175,'https://s3-ap-southeast-1.amazonaws.com/social-media-image/ghwcr1kq5hol7gzr8kf8yq48b2dj','2023-10-10 08:50:16.116625','2023-10-10 08:50:16.709568',7),(176,'https://s3-ap-southeast-1.amazonaws.com/social-media-image/7p1mp6dz6wuxmimx8t84dctw47wa','2023-10-10 09:31:52.068922','2023-10-10 09:31:53.325557',7),(177,'https://s3-ap-southeast-1.amazonaws.com/social-media-image/yibbvf4dpsc93kscwit9fks0xogn','2023-10-10 09:32:03.198169','2023-10-10 09:32:03.986269',7),(178,'https://s3-ap-southeast-1.amazonaws.com/social-media-image/xtzbdy08ekcry3ljvk1vd8ae4x29','2023-10-10 09:32:04.361093','2023-10-10 09:32:04.938630',7),(179,'https://s3-ap-southeast-1.amazonaws.com/social-media-image/77s6kmeg2j882bl59drasqqpixjt','2023-10-12 10:37:26.309406','2023-10-12 10:37:27.148076',7),(180,'https://s3-ap-southeast-1.amazonaws.com/social-media-image/7brqc0bax6x6rsgaja1qcvlg6xt6','2023-10-12 10:41:29.186385','2023-10-12 10:41:30.233528',7),(181,'https://s3-ap-southeast-1.amazonaws.com/social-media-image/f4mmdi3a49czf1yt0w6l5qi3suxx','2023-10-12 19:03:44.322704','2023-10-12 19:03:45.390166',7),(182,'https://s3-ap-southeast-1.amazonaws.com/social-media-image/qokwfzwvjs5ab9f877cqx4dek2sl','2023-10-12 19:21:08.893983','2023-10-12 19:21:09.893359',7),(183,'https://s3-ap-southeast-1.amazonaws.com/social-media-image/ltfs0155my2rghmnjsgrq79akv64','2023-10-12 19:24:46.899983','2023-10-12 19:24:47.846593',7),(184,'https://s3-ap-southeast-1.amazonaws.com/social-media-image/ch9x6r44a8ixuqe81ti7clzunzaj','2023-10-12 19:55:41.098812','2023-10-12 19:55:42.107958',7),(185,'https://s3-ap-southeast-1.amazonaws.com/social-media-image/xi52spx6cnsc4qfgm7xwnpe7oexv','2023-10-13 22:37:18.510661','2023-10-13 22:37:19.496075',7),(186,'https://s3-ap-southeast-1.amazonaws.com/social-media-image/dtcich5bb7treuee1uquzs9gmjwf','2023-10-13 22:37:30.550524','2023-10-13 22:37:31.395530',7),(187,'https://s3-ap-southeast-1.amazonaws.com/social-media-image/nhoeu9ej563xdqe8mj5opdhb1c80','2023-10-13 23:35:37.011413','2023-10-13 23:35:37.920834',7),(188,'https://s3-ap-southeast-1.amazonaws.com/social-media-image/s2ak335l3t5rubmt1hs3ehdgjxh0','2023-10-13 23:36:16.643038','2023-10-13 23:36:17.536365',7),(189,'https://s3-ap-southeast-1.amazonaws.com/social-media-image/yhqz2s1vcihdwyvpep03lqhwjwvi','2023-10-13 23:37:09.310337','2023-10-13 23:37:10.268355',7),(190,'https://s3-ap-southeast-1.amazonaws.com/social-media-image/cw6mfhl8rqn4sy2vd2fcl4jxxdhy','2023-10-13 23:38:41.912453','2023-10-13 23:38:42.809840',7),(191,'https://s3-ap-southeast-1.amazonaws.com/social-media-image/9p86rcp3c9g6u3kl529v6ede82n3','2023-10-13 23:39:24.912688','2023-10-13 23:39:25.835532',7),(192,'https://s3-ap-southeast-1.amazonaws.com/social-media-image/lqbdtmdffd18516k1a1wac48yg01','2023-10-13 23:41:42.225493','2023-10-13 23:41:43.174932',7),(193,'https://s3-ap-southeast-1.amazonaws.com/social-media-image/wqk6fyh8xtd0a07bhliowseegyi4','2023-10-13 23:44:15.035076','2023-10-13 23:44:15.945075',7),(194,'https://s3-ap-southeast-1.amazonaws.com/social-media-image/k5b603ja08sekzgguyldhwk3hswh','2023-10-13 23:50:31.700443','2023-10-13 23:50:32.593022',7),(195,'https://s3-ap-southeast-1.amazonaws.com/social-media-image/9rpyd3u07unezeg66i1pmitd4vsx','2023-10-13 23:52:17.825634','2023-10-13 23:52:18.683214',7),(196,'https://s3-ap-southeast-1.amazonaws.com/social-media-image/evmysj8ta467dox1ledtfhwa0j49','2023-10-13 23:57:44.558559','2023-10-13 23:57:45.392827',7),(197,'https://s3-ap-southeast-1.amazonaws.com/social-media-image/du9q28xoot3ej8scv2rnmzpettvy','2023-10-13 23:58:07.615436','2023-10-13 23:58:08.490408',7),(198,'https://s3-ap-southeast-1.amazonaws.com/social-media-image/6t8n8c768zztocsx7o568rfx96co','2023-10-13 23:58:32.548695','2023-10-13 23:58:33.428353',7),(199,'https://s3-ap-southeast-1.amazonaws.com/social-media-image/syzqclrbghx6oioyv69yl9mrkzt6','2023-10-13 23:58:52.894972','2023-10-13 23:58:53.750834',7),(200,'https://s3-ap-southeast-1.amazonaws.com/social-media-image/99ovfpg8j9pdaak86xy3pw3l5fgh','2023-10-14 00:03:14.622371','2023-10-14 00:03:15.450863',7),(201,'https://s3-ap-southeast-1.amazonaws.com/social-media-image/0grhcr9895cbetk6lovuw25n5l6i','2023-10-14 00:03:26.899330','2023-10-14 00:03:27.656085',7),(202,'https://s3-ap-southeast-1.amazonaws.com/social-media-image/pdejgwdsryq86ulpn4tx727h68k0','2023-10-14 00:04:02.789984','2023-10-14 00:04:03.648024',7),(203,'https://s3-ap-southeast-1.amazonaws.com/social-media-image/338xpjc5ltk4ed2pm6ud0th5qx6v','2023-10-14 00:04:16.257138','2023-10-14 00:04:17.072437',7),(204,'https://s3-ap-southeast-1.amazonaws.com/social-media-image/bsdwlutwgiftxe78qhqk52iu3d74','2023-10-14 00:04:46.232592','2023-10-14 00:04:47.481835',7),(205,'https://s3-ap-southeast-1.amazonaws.com/social-media-image/z1owcbumet1juxnm84m41h6gacl0','2023-10-14 07:36:36.899929','2023-10-14 07:36:37.771461',7),(206,'https://s3-ap-southeast-1.amazonaws.com/social-media-image/ik8mpzc4g8ez4uro24d0nwkx0b2q','2023-10-14 07:37:22.546484','2023-10-14 07:37:33.438962',7),(207,'https://s3-ap-southeast-1.amazonaws.com/social-media-image/bcgdkgc2yejg2kgs2hjk4381bvil','2023-10-14 07:38:34.398795','2023-10-14 07:38:35.462820',7),(208,'https://s3-ap-southeast-1.amazonaws.com/social-media-image/57has32758gaks2kl0xrsg0k8476','2023-10-14 07:49:50.846328','2023-10-14 07:49:51.968043',7),(209,'https://s3-ap-southeast-1.amazonaws.com/social-media-image/cg3ufsfwnkv05av1crh30f0ubhwn','2023-10-14 08:26:08.622705','2023-10-14 08:26:09.510941',7),(210,'https://s3-ap-southeast-1.amazonaws.com/social-media-image/sp6vkxsgkyc1rej2xioaf8ck9zds','2023-10-14 08:27:14.437947','2023-10-14 08:27:15.506048',7),(211,'https://s3-ap-southeast-1.amazonaws.com/social-media-image/j5shvnpuei6e9dh7wb15oy1zfagh','2023-10-14 08:27:48.700605','2023-10-14 08:27:49.604880',7),(212,'https://s3-ap-southeast-1.amazonaws.com/social-media-image/nhfmq96t7v0dbfxjqyfyr2os2p2u','2023-10-14 08:31:34.142437','2023-10-14 08:31:35.445169',7),(213,'https://s3-ap-southeast-1.amazonaws.com/social-media-image/0qqij4hg3y4iodnenncx6oafrmbh','2023-10-14 08:31:56.038958','2023-10-14 08:31:56.850934',7),(214,'https://s3-ap-southeast-1.amazonaws.com/social-media-image/p3qt2t2b7rl4vr11cnd8j42bd2ba','2023-10-14 08:31:58.933770','2023-10-14 08:31:59.524431',7),(215,'https://s3-ap-southeast-1.amazonaws.com/social-media-image/spjmzlyjhl7jotmrdnczis136vhs','2023-10-14 08:32:01.564559','2023-10-14 08:32:02.174610',7),(216,'https://s3-ap-southeast-1.amazonaws.com/social-media-image/shxrowegvkc1uoib8f60spvuukj3','2023-10-14 08:32:04.363340','2023-10-14 08:32:05.201267',7),(217,'https://s3-ap-southeast-1.amazonaws.com/social-media-image/o1r4u2qlrsbabufmf8db88y7tz8a','2023-10-14 08:38:12.799914','2023-10-14 08:38:14.001446',7),(218,'https://s3-ap-southeast-1.amazonaws.com/social-media-image/ztazmirix85tufva7grqh8uvd8bi','2023-10-18 16:00:50.103789','2023-10-18 16:00:52.252547',6),(219,'https://s3-ap-southeast-1.amazonaws.com/social-media-image/h6pitjyg8dujax8mh5k2agcwa411','2023-10-19 07:47:33.858263','2023-10-19 07:47:34.951409',39),(220,'https://s3-ap-southeast-1.amazonaws.com/social-media-image/4doaexq4202xhkxu005vjjythzui','2023-10-19 07:53:05.633289','2023-10-19 07:53:06.547137',39),(221,'https://s3-ap-southeast-1.amazonaws.com/social-media-image/ft0ekwy9dppzhquv46ip1ogog4mg','2023-10-19 07:57:05.194749','2023-10-19 07:57:06.203170',39),(222,'https://s3-ap-southeast-1.amazonaws.com/social-media-image/ti5mmktll4hvmihe9qd7846fd4ao','2023-10-19 08:19:49.030925','2023-10-19 08:19:49.946594',39),(223,'https://s3-ap-southeast-1.amazonaws.com/social-media-image/vpqj8tefsmqnp2v1r5atgh8f8hu0','2023-10-19 08:21:04.420724','2023-10-19 08:21:05.326609',39),(224,'https://s3-ap-southeast-1.amazonaws.com/social-media-image/c9z7dmgi9pbzwad715h2vwvtk633','2023-10-19 08:21:25.088677','2023-10-19 08:21:25.981933',39),(225,'https://s3-ap-southeast-1.amazonaws.com/social-media-image/7kp4uud7hsiu3nhfxhe3f0ndxeq3','2023-10-19 08:23:28.564949','2023-10-19 08:23:29.362679',39),(226,'https://s3-ap-southeast-1.amazonaws.com/social-media-image/5b3sqj04owqbqarz1a9j60lx18yo','2023-10-19 08:26:48.614207','2023-10-19 08:26:49.397679',39),(227,'https://s3-ap-southeast-1.amazonaws.com/social-media-image/co36dmlcvwkoh7gjn96wxqvrt8t0','2023-10-19 08:28:53.541515','2023-10-19 08:28:54.374764',39),(228,'https://s3-ap-southeast-1.amazonaws.com/social-media-image/5njqxvm9cmstv7fo565ktr0gskyb','2023-10-20 16:09:15.346256','2023-10-20 16:09:16.442696',7),(229,'https://s3-ap-southeast-1.amazonaws.com/social-media-image/c1siu5b010t0rz0gd6rv9w4rnvrg','2023-10-20 16:14:10.186770','2023-10-20 16:14:11.345142',7),(230,'https://s3-ap-southeast-1.amazonaws.com/social-media-image/bwl0bs3ul5fd7veknhaowhhq7g2a','2023-10-20 16:17:41.858542','2023-10-20 16:17:42.969169',7),(231,'https://s3-ap-southeast-1.amazonaws.com/social-media-image/wzy57b5x7x0pz2mmrkt6p1elyu4s','2023-10-20 16:18:41.461158','2023-10-20 16:18:42.579373',7),(232,'https://s3-ap-southeast-1.amazonaws.com/social-media-image/3f6beesvnzutou2xb8oinjx3unc1','2023-10-20 16:40:05.219034','2023-10-20 16:40:06.270841',7),(233,'https://s3-ap-southeast-1.amazonaws.com/social-media-image/xv6fh20jp5djxkbjjohkon4b25oj','2023-10-20 16:41:12.562953','2023-10-20 16:41:13.595550',7),(234,'https://s3-ap-southeast-1.amazonaws.com/social-media-image/djdr4k8bq0rx2nw4eiolf7utxk61','2023-10-20 17:58:59.574092','2023-10-20 17:59:00.657857',7),(235,'https://s3-ap-southeast-1.amazonaws.com/social-media-image/djfujdqv95d97m2h13rj5j5z9t4r','2023-10-20 18:22:57.081352','2023-10-20 18:22:58.018030',7),(236,'https://s3-ap-southeast-1.amazonaws.com/social-media-image/r39w6p3nt014tvjvpq4myk41wt75','2023-10-20 18:23:00.691599','2023-10-20 18:23:01.325318',7),(237,'https://s3-ap-southeast-1.amazonaws.com/social-media-image/k4uvfj82ixiibkocir3flryacuv0','2023-10-20 18:23:03.660631','2023-10-20 18:23:04.282042',7),(238,'https://s3-ap-southeast-1.amazonaws.com/social-media-image/u6hybjoihuc04y32bpqq0akdkqj6','2023-10-20 18:23:06.414003','2023-10-20 18:23:06.995711',7),(239,'https://s3-ap-southeast-1.amazonaws.com/social-media-image/ffqu62dd25bxeakr0fsucvyg7xfq','2023-10-20 18:23:51.065207','2023-10-20 18:23:52.229992',7),(240,'https://s3-ap-southeast-1.amazonaws.com/social-media-image/dmfcyy488q5zhl4i85r9rh7fcvah','2023-10-20 18:23:55.829416','2023-10-20 18:23:56.427674',7),(241,'https://s3-ap-southeast-1.amazonaws.com/social-media-image/7ovo1lobg1zoa6m69g4776xegs98','2023-10-20 18:23:58.582329','2023-10-20 18:23:59.254463',7),(242,'https://s3-ap-southeast-1.amazonaws.com/social-media-image/ltyq7ffgzo8su71abokfxgqswcwn','2023-10-20 18:24:01.882526','2023-10-20 18:24:02.580047',7),(243,'https://s3-ap-southeast-1.amazonaws.com/social-media-image/csezze1u78ryvn8briwzuq60ebz3','2023-10-20 18:24:04.931757','2023-10-20 18:24:05.578504',7),(244,'https://s3-ap-southeast-1.amazonaws.com/social-media-image/k36c2iw4kh6p9tusm6fgta20y6kw','2023-10-20 19:48:42.418631','2023-10-20 19:48:43.343033',7),(245,'https://s3-ap-southeast-1.amazonaws.com/social-media-image/ptd9qp7c95lno2vbpb3sq649ujom','2023-10-20 19:52:25.470740','2023-10-20 19:52:26.375795',7),(246,'https://s3-ap-southeast-1.amazonaws.com/social-media-image/8vgaxns3mz1jgqx568mebxigq26q','2023-10-20 19:54:43.330396','2023-10-20 19:54:44.353774',7),(247,'https://s3-ap-southeast-1.amazonaws.com/social-media-image/fh1jehm91s92fmhr7dn4kj96eqmj','2023-10-20 20:01:21.289285','2023-10-20 20:01:22.319238',7),(248,'https://s3-ap-southeast-1.amazonaws.com/social-media-image/y335m9e3kxb946q012csicq5gsje','2023-10-21 04:38:11.475016','2023-10-21 04:38:12.544160',6),(249,'https://s3-ap-southeast-1.amazonaws.com/social-media-image/e2ycw4blt4kmi6k2d9f35lckwl9r','2023-10-21 08:19:34.179075','2023-10-21 08:19:35.148583',39),(250,'https://s3-ap-southeast-1.amazonaws.com/social-media-image/jmofms76lrw6otprjcspmygxa6b2','2023-10-21 08:22:59.477234','2023-10-21 08:23:00.247778',39),(251,'https://s3-ap-southeast-1.amazonaws.com/social-media-image/i9dxqif23iazt6gmrzhkwg6a6d0z','2023-10-21 08:23:10.625562','2023-10-21 08:23:11.541471',39),(252,'https://s3-ap-southeast-1.amazonaws.com/social-media-image/0bt2b0ea0p0y64nh227n847u7nx8','2023-10-21 08:40:56.911843','2023-10-21 08:40:57.871416',39),(253,'https://s3-ap-southeast-1.amazonaws.com/social-media-image/xs3abaxqq0ud99icg71eetal21eh','2023-10-21 08:41:49.710449','2023-10-21 08:41:50.545297',39),(254,'https://s3-ap-southeast-1.amazonaws.com/social-media-image/qrgxfewm33pvig5x86b1ssu6kxwi','2023-10-21 08:42:23.503623','2023-10-21 08:42:24.310455',39),(255,'https://s3-ap-southeast-1.amazonaws.com/social-media-image/t6rjy8p4rs77du9lmz0gmpfp3n7a','2023-10-21 08:42:41.056557','2023-10-21 08:42:41.928770',39),(256,'https://s3-ap-southeast-1.amazonaws.com/social-media-image/s0ija06lhfxmdsrf3v4ri4u5vjpi','2023-10-21 09:03:02.009450','2023-10-21 09:03:02.755141',39),(257,'https://s3-ap-southeast-1.amazonaws.com/social-media-image/1patrbe8a32966pz2s0xvov1lolm','2023-10-21 17:12:51.370266','2023-10-21 17:12:52.401875',7),(258,'https://s3-ap-southeast-1.amazonaws.com/social-media-image/3otj8ir5jzj10zzk6eu3p535oxgo','2023-10-22 02:50:52.736099','2023-10-22 02:50:53.791557',7),(259,'https://s3-ap-southeast-1.amazonaws.com/social-media-image/fzs6y9vzr2rgn47cvf60n5anufbi','2023-10-22 03:05:09.128889','2023-10-22 03:05:10.531433',7),(260,'https://s3-ap-southeast-1.amazonaws.com/social-media-image/1wvkx3l36qfwd66rchy64g3z5dww','2023-11-01 08:13:21.916894','2023-11-01 08:13:23.118021',7),(261,'https://d2n33bp2yovvw9.cloudfront.net//6p1hs7huuqwkkqo2od609tb5m8tq','2023-11-02 15:58:51.409141','2023-11-02 15:58:52.477874',39),(262,'https://d2n33bp2yovvw9.cloudfront.net//pojigfsclp873px05979xvrhy027','2023-11-02 16:42:56.871543','2023-11-02 16:42:57.682341',39),(263,'https://d2n33bp2yovvw9.cloudfront.net//bou8yg9qwnwgbf9i595xl25i1kpl','2023-11-02 16:44:20.217584','2023-11-02 16:44:21.008065',39),(264,'https://d2n33bp2yovvw9.cloudfront.net//0disjat290uxiv7gt36qbhvx9wb9','2023-11-02 18:24:54.292604','2023-11-02 18:24:55.123343',7),(265,'https://d2n33bp2yovvw9.cloudfront.net//gvmx3je5c0wg47g72xo9d56flk8g','2023-11-04 04:15:00.680077','2023-11-04 04:15:01.626365',7),(266,'https://d2n33bp2yovvw9.cloudfront.net//85lldtpuyzjajby15ogq01qntm4h','2023-11-04 04:16:47.850400','2023-11-04 04:16:48.696141',7),(267,'https://d2n33bp2yovvw9.cloudfront.net/dpcegnm7z4rpnbfa8hs4bzbj6nim','2023-11-04 04:59:41.040445','2023-11-04 04:59:42.034609',7),(268,NULL,'2023-11-19 17:15:10.171235','2023-11-19 17:15:10.238336',NULL),(269,'https://d2n33bp2yovvw9.cloudfront.net/q0c7e2lppjbi8nuge7qmvwuffdzw','2023-11-19 17:19:09.098092','2023-11-19 17:19:09.303350',7),(270,'https://d2n33bp2yovvw9.cloudfront.net/g9kohlsvhrmtrosq3wcosmoya6eo','2023-11-19 17:20:35.730077','2023-11-19 17:20:35.873018',7),(271,'https://d2n33bp2yovvw9.cloudfront.net/jewiwelajqs05jewjynrwam80zre','2023-11-19 17:23:15.964804','2023-11-19 17:23:16.109450',7),(272,'https://d2n33bp2yovvw9.cloudfront.net/uej544dni6w73t941q8v8synt5nd','2023-11-19 17:48:45.841873','2023-11-19 17:48:45.977205',140),(273,NULL,'2023-11-20 16:41:48.538550','2023-11-20 16:41:48.606257',NULL),(274,NULL,'2023-11-20 16:44:56.737710','2023-11-20 16:44:56.853843',NULL),(275,'https://d2n33bp2yovvw9.cloudfront.net/o0bk5xyv2yw5buqh6rtfn5fje8dg','2023-11-20 16:50:03.564154','2023-11-20 16:50:03.837277',140),(281,'https://d2n33bp2yovvw9.cloudfront.net/kzrx2a959oi7uxlye2i53ro5saih','2023-11-22 06:34:26.111842','2023-11-22 06:34:26.236167',39),(282,'https://d2n33bp2yovvw9.cloudfront.net/oufh8swxo37uaxby9d8qr3g8shy3','2023-11-23 14:14:11.182628','2023-11-23 14:14:11.399651',140),(283,'https://d2n33bp2yovvw9.cloudfront.net/k4e4bzg6l0qag0viupq3ke8gur82','2023-11-24 15:35:52.962943','2023-11-24 15:35:53.240522',226),(284,'https://d2n33bp2yovvw9.cloudfront.net/1w0altshxzcz4auo4vrvtfc5x59d','2023-11-24 15:35:53.607820','2023-11-24 15:35:53.754276',226),(285,'https://d2n33bp2yovvw9.cloudfront.net/918pzhz9n4tuhybzrq2fbt1tkwgl','2023-11-24 15:36:19.644498','2023-11-24 15:36:19.859784',226),(286,'https://d2n33bp2yovvw9.cloudfront.net/4xactudoojo4foecjtuop53mof01','2023-11-24 15:44:21.942152','2023-11-24 15:44:22.383975',226),(287,'https://d2n33bp2yovvw9.cloudfront.net/o92kl9n7tosutio9mt77gz5zdpbb','2023-11-24 15:44:22.573900','2023-11-24 15:44:22.691784',226),(288,'https://d2n33bp2yovvw9.cloudfront.net/w9vwe5cntkeqxb7jna8rj9riled6','2023-11-24 15:44:22.875442','2023-11-24 15:44:22.988386',226),(289,'https://d2n33bp2yovvw9.cloudfront.net/cdo1xqinchtt9s04oi6as7aiw7t8','2023-11-24 15:44:23.197111','2023-11-24 15:44:23.333967',226),(290,'https://d2n33bp2yovvw9.cloudfront.net/d9zxqsc9p20ily4h3xeuxpeafxlm','2023-11-24 15:59:17.206977','2023-11-24 15:59:17.662424',226),(291,'https://d2n33bp2yovvw9.cloudfront.net/tsc0k4rre9ina46h3b813e9zwcun','2023-11-24 15:59:17.883090','2023-11-24 15:59:18.009693',226),(292,'https://d2n33bp2yovvw9.cloudfront.net/7g2yvju737o8ooql0uqqa75n342d','2023-11-24 15:59:33.482575','2023-11-24 15:59:33.602929',226),(293,'https://d2n33bp2yovvw9.cloudfront.net/8aburbbxrtos2jtcnarr0sv8nk7q','2023-11-24 15:59:33.816751','2023-11-24 15:59:33.912160',226),(294,'https://d2n33bp2yovvw9.cloudfront.net/qan79bxrdteirngtqwhxn5q7n446','2023-11-24 15:59:47.253661','2023-11-24 15:59:47.406019',226),(295,'https://d2n33bp2yovvw9.cloudfront.net/hd4xk811e6fr43sip0xpq99jt7yj','2023-11-24 15:59:47.566043','2023-11-24 15:59:47.703062',226),(296,'https://d2n33bp2yovvw9.cloudfront.net/r3alkk6tanuiq3lf6kaffkj98t0w','2023-11-24 16:46:13.178223','2023-11-24 16:46:13.465664',226),(297,'https://d2n33bp2yovvw9.cloudfront.net/vz37qvnnbtjfm3twnfzbs2bdawgv','2023-11-24 16:46:49.693952','2023-11-24 16:46:49.881107',226),(298,NULL,'2023-11-25 15:27:28.633418','2023-11-25 15:27:28.684353',7),(299,NULL,'2023-11-25 15:27:56.986932','2023-11-25 15:27:57.013293',7),(300,NULL,'2023-11-25 15:28:09.857916','2023-11-25 15:28:09.884018',7),(301,NULL,'2023-11-25 15:28:14.830452','2023-11-25 15:28:14.854807',7),(302,'https://d2n33bp2yovvw9.cloudfront.net/hadjnz5fbtddavucmetqsk0f20uk','2023-11-25 15:28:32.529244','2023-11-25 15:28:32.818209',7),(303,'https://d2n33bp2yovvw9.cloudfront.net/pmv8sswwssidekc63w72gdkpld6s','2023-11-26 08:16:40.748517','2023-11-26 08:16:40.982536',7),(304,'https://d2n33bp2yovvw9.cloudfront.net/sy3mbd7r68nfamu2ty36vr7sidv9','2023-11-26 08:21:51.255832','2023-11-26 08:21:51.444236',7),(305,'https://d2n33bp2yovvw9.cloudfront.net/gxuyohs29cnknbk0ssjzp9b6x2zv','2023-11-26 08:25:12.986227','2023-11-26 08:25:13.158476',7),(306,'https://d2n33bp2yovvw9.cloudfront.net/nh3248azt9tdrxencey4rzy5ei36','2023-11-26 08:29:52.857848','2023-11-26 08:29:53.043395',7),(307,'https://d2n33bp2yovvw9.cloudfront.net/pr8x4s9wyfdxkahga2y3e2a8145c','2023-11-26 08:35:10.109196','2023-11-26 08:35:10.299113',7),(308,'https://d2n33bp2yovvw9.cloudfront.net/vddqemv0vyy16liqkgryov8xlpu0','2023-11-26 08:36:33.844453','2023-11-26 08:36:34.020353',7),(354,'https://d2n33bp2yovvw9.cloudfront.net/02g8q9yds47jxn4221tj6j41v8l2','2023-11-26 17:54:03.526970','2023-11-26 17:54:03.693919',7),(355,'https://d2n33bp2yovvw9.cloudfront.net/29ph7rufudax26n55isllwe7gkai','2023-11-26 18:26:11.371114','2023-11-26 18:26:11.563409',7),(356,'https://d2n33bp2yovvw9.cloudfront.net/vrdo3g2kodmy5ysowv7k8dzkajl8','2023-11-26 18:27:47.108406','2023-11-26 18:27:47.229999',7),(361,'https://d2n33bp2yovvw9.cloudfront.net/rlcsfzkaohgj04rqvrgpmae430l7','2023-11-27 05:19:10.774716','2023-11-27 05:19:10.993898',7),(362,'https://d2n33bp2yovvw9.cloudfront.net/emz3lu1bysi82jyhrbqga0xilrcg','2023-11-27 05:32:58.408183','2023-11-27 05:32:58.697780',7),(363,'https://d2n33bp2yovvw9.cloudfront.net/bfrv76jpcfmxe0mmnpvv8dybuccy','2023-11-27 05:34:02.780238','2023-11-27 05:34:02.951186',7),(366,'https://d2n33bp2yovvw9.cloudfront.net/cqnh3cf0aqen78grtenp6tc0ae6j','2023-11-27 05:42:50.988389','2023-11-27 05:42:51.284864',7),(367,'https://d2n33bp2yovvw9.cloudfront.net/zavrj077pszbnjl28cuygyyhjnf6','2023-11-27 05:43:13.241618','2023-11-27 05:43:13.425240',7),(368,'https://d2n33bp2yovvw9.cloudfront.net/hdimhcknixg2b1h0jpn8rfrsdz5m','2023-11-27 05:43:43.628142','2023-11-27 05:43:43.883296',7),(369,'https://d2n33bp2yovvw9.cloudfront.net/ii3z45zxd7g7ilaocmo6vza7cdq0','2023-11-27 08:39:12.465273','2023-11-27 08:39:12.739057',7),(370,'https://d2n33bp2yovvw9.cloudfront.net/g4bfxras5i1zgdses9y6lebc7u5p','2023-11-27 08:56:29.167679','2023-11-27 08:56:29.319377',7),(371,'https://d2n33bp2yovvw9.cloudfront.net/gsnk7nw3ldbnk2gzcrm8dbgzl2io','2023-11-27 08:57:47.742410','2023-11-27 08:57:47.893736',7),(372,'https://d2n33bp2yovvw9.cloudfront.net/snff1rtnxof7snxd281v88nleotx','2023-11-27 09:31:00.096945','2023-11-27 09:31:00.239971',7),(373,'https://d2n33bp2yovvw9.cloudfront.net/r3mh611a3u39kxqv7rijncrhv6kb','2023-11-27 09:32:07.614404','2023-11-27 09:32:07.912992',7),(374,'https://d2n33bp2yovvw9.cloudfront.net/40hvihw4dm1lqqdzxgk7zldaqbk7','2023-11-27 09:34:09.378480','2023-11-27 09:34:09.614342',7),(375,'https://d2n33bp2yovvw9.cloudfront.net/qdijm644s11bq6nh4igmu6u14byf','2023-11-27 09:35:38.469624','2023-11-27 09:35:38.606964',7),(376,'https://d2n33bp2yovvw9.cloudfront.net/6cpprlc7zvqy2dwnff441knd7udo','2023-11-27 17:40:31.381548','2023-11-27 17:40:31.863116',7),(377,'https://d2n33bp2yovvw9.cloudfront.net/lr8c7aez5jabuqeg19cuxlsjghzj','2023-11-29 02:06:52.137830','2023-11-29 02:06:52.404740',7),(378,'https://d2n33bp2yovvw9.cloudfront.net/6f5nuilkjc6blenj6l6umvcr66t4','2023-11-29 02:07:07.677531','2023-11-29 02:07:07.837134',7),(379,'https://d2n33bp2yovvw9.cloudfront.net/5ffzs1qnn409b8zvkh52g69hy8jx','2023-11-29 03:38:11.405390','2023-11-29 03:38:11.622552',7),(380,'https://d2n33bp2yovvw9.cloudfront.net/9r2e7emwmjlpk1bnpshbil6rfyio','2023-11-29 03:38:20.431953','2023-11-29 03:38:20.607915',7),(381,'https://d2n33bp2yovvw9.cloudfront.net/xm57ik5faawnbogv7m8wen0zxfeo','2023-11-29 03:38:30.412860','2023-11-29 03:38:30.592368',7),(382,'https://d2n33bp2yovvw9.cloudfront.net/imtfkiexvfki4jasyh7g8l7sa9ez','2023-11-29 03:38:39.347719','2023-11-29 03:38:39.558401',7),(383,'https://d2n33bp2yovvw9.cloudfront.net/3040uxt65napdmf9k3cdyum21ilb','2023-11-29 03:38:43.500824','2023-11-29 03:38:43.657660',7),(384,'https://d2n33bp2yovvw9.cloudfront.net/jmkdoxudd3his0gptut9z1ro6ubr','2023-11-29 03:38:45.964695','2023-11-29 03:38:46.108266',7),(385,'https://d2n33bp2yovvw9.cloudfront.net/b1kmzpzke9pqpev6u8nvgp8y8k30','2023-11-29 03:39:44.904741','2023-11-29 03:39:45.049813',7),(386,'https://d2n33bp2yovvw9.cloudfront.net/vxry3nr7kur83lc1k75jhn22y7k8','2023-11-29 03:41:37.376082','2023-11-29 03:41:37.562264',7),(387,'https://d2n33bp2yovvw9.cloudfront.net/p605t2i5y4wroi1ixmauspl3gdk8','2023-11-29 03:42:55.159169','2023-11-29 03:42:55.367010',7),(388,'https://d2n33bp2yovvw9.cloudfront.net/ks9zxf9kxyi71f0acs3mv5n3qj73','2023-11-29 03:43:00.414614','2023-11-29 03:43:00.614083',7),(389,'https://d2n33bp2yovvw9.cloudfront.net/v11tly4l1udnics9djgb18wix9nc','2023-11-29 03:45:23.046055','2023-11-29 03:45:23.243038',7),(390,'https://d2n33bp2yovvw9.cloudfront.net/pqrhczhvbl4f7u3sx9162ctnv25z','2023-11-29 03:45:30.345061','2023-11-29 03:45:30.518612',7),(391,'https://d2n33bp2yovvw9.cloudfront.net/ss1ot0ie7mdbmgjn2fn0fu8y4i9m','2023-11-29 03:49:37.700164','2023-11-29 03:49:37.897814',7),(392,'https://d2n33bp2yovvw9.cloudfront.net/iiwkjsbm3cl18zg1o5pis3ze2sts','2023-11-29 03:49:48.167895','2023-11-29 03:49:48.377156',7),(393,'https://d2n33bp2yovvw9.cloudfront.net/ejnkuttcgj2ccuvs0j5hgeqmxpy9','2023-11-29 03:50:23.427098','2023-11-29 03:50:23.607048',7),(403,'https://d2n33bp2yovvw9.cloudfront.net/569flz0xrzjw5rzuho2zsr7shj7n','2023-11-30 17:12:40.016542','2023-11-30 17:12:40.247074',39),(404,'https://d2n33bp2yovvw9.cloudfront.net/kvfl6ylh4t1ldtmqj5j6tbq8uj6m','2023-12-01 00:45:26.246069','2023-12-01 00:45:26.512195',2430),(405,'https://d2n33bp2yovvw9.cloudfront.net/5b014xwv8rs6s5uok8o5vuyr4bz3','2023-12-01 00:45:26.930819','2023-12-01 00:45:27.094239',2430),(410,'https://d2n33bp2yovvw9.cloudfront.net/r0nazotpubqjkdt08vn9iuosbx1e','2023-12-01 07:22:16.155979','2023-12-01 07:22:16.300412',2099),(413,'https://d2n33bp2yovvw9.cloudfront.net/lui9q9bfy05wggcy1xjw9uo9arwj','2023-12-01 08:12:29.392624','2023-12-01 08:12:29.552078',2099),(418,'https://d2n33bp2yovvw9.cloudfront.net/2xpv4zmaecfs852c6dkvpqpgay6t','2023-12-01 10:31:30.821438','2023-12-01 10:31:31.058741',2099),(419,'https://d2n33bp2yovvw9.cloudfront.net/3wmr36kg30z7pbyi8w6nmzto1rpo','2023-12-01 10:38:52.571294','2023-12-01 10:38:52.777569',2099),(420,'https://d2n33bp2yovvw9.cloudfront.net/3x5qqrot06yo3q4pmguralyol5jl','2023-12-01 10:39:06.694895','2023-12-01 10:39:06.835935',2099),(421,'https://d2n33bp2yovvw9.cloudfront.net/19g034pmtamhqf9fndn6pmlzjs8w','2023-12-01 10:39:08.747714','2023-12-01 10:39:08.846533',2099),(422,'https://d2n33bp2yovvw9.cloudfront.net/tsg51sin696qwn7u0hgxq1gdealx','2023-12-01 10:39:10.975013','2023-12-01 10:39:11.059864',2099),(423,'https://d2n33bp2yovvw9.cloudfront.net/pzqzckjplx2ngvrp65b1hdzxvqdq','2023-12-01 10:40:38.750261','2023-12-01 10:40:38.951270',2099),(424,'https://d2n33bp2yovvw9.cloudfront.net/j6w8qhond1b8z55kdeey717sxih0','2023-12-01 10:41:14.026289','2023-12-01 10:41:14.188875',2099),(425,'https://d2n33bp2yovvw9.cloudfront.net/9cclhtzz66wi8wr2xfyawkj4sqp4','2023-12-01 10:44:59.579470','2023-12-01 10:44:59.733733',2099),(426,'https://d2n33bp2yovvw9.cloudfront.net/g0b5zoscif9cllthhe32lo5nse6m','2023-12-01 10:46:18.818258','2023-12-01 10:46:18.971577',2099),(427,'https://d2n33bp2yovvw9.cloudfront.net/yu5pgj7379vsczdt4clt2mhyklo5','2023-12-01 10:46:21.168314','2023-12-01 10:46:21.273677',2099),(428,'https://d2n33bp2yovvw9.cloudfront.net/h8biyk34vlw99iq14ud5hwqzrevw','2023-12-01 10:46:23.247683','2023-12-01 10:46:23.324629',2099),(429,'https://d2n33bp2yovvw9.cloudfront.net/fzw6npamuw8s5kdz1yifb1ejon61','2023-12-01 10:46:37.571559','2023-12-01 10:46:37.730961',2099),(430,'https://d2n33bp2yovvw9.cloudfront.net/4n07lwi9eqax1ymmrnthy7dhyn0w','2023-12-01 17:10:21.821823','2023-12-01 17:10:21.978959',39),(439,'https://d2n33bp2yovvw9.cloudfront.net/8lag470l18yupe996zscdw6ityox','2023-12-02 08:26:00.712771','2023-12-02 08:26:01.108573',140),(440,'https://d2n33bp2yovvw9.cloudfront.net/12ne9cyu9tyeqjsqj3tccngp8jjy','2023-12-02 08:27:49.447047','2023-12-02 08:27:49.628628',140),(441,'https://d2n33bp2yovvw9.cloudfront.net/0w1ej88g2mskydowtqj8hsppftvu','2023-12-05 06:20:14.354175','2023-12-05 06:20:14.732008',7),(442,'https://d2n33bp2yovvw9.cloudfront.net/m7kj9yamujv64vn3pcbk68sdrgkn','2023-12-05 16:27:12.109444','2023-12-05 16:27:12.451735',7),(443,'https://d2n33bp2yovvw9.cloudfront.net/3gn57nhr96fzgxcbe9phgx6adzws','2023-12-05 16:38:49.135229','2023-12-05 16:38:49.341552',7),(444,'https://d2n33bp2yovvw9.cloudfront.net/oorj41sgo49lpwkq523vecfslzv6','2023-12-05 19:51:42.492833','2023-12-05 19:51:42.645080',7),(445,'https://d2n33bp2yovvw9.cloudfront.net/qwlr4gsdawa6magsj2s5jlts5mpm','2023-12-06 03:28:02.243723','2023-12-06 03:28:02.386940',7),(446,'https://d2n33bp2yovvw9.cloudfront.net/qqnpcy5sttukmolw3ta5frwdq9sh','2023-12-06 03:30:19.700193','2023-12-06 03:30:19.891034',7),(447,'https://d2n33bp2yovvw9.cloudfront.net/hltssiy7j25zbmhmip4yg1pk4qrz','2023-12-06 03:32:32.174617','2023-12-06 03:32:32.393386',7),(448,'https://d2n33bp2yovvw9.cloudfront.net/az5ksukh5y67cmo06c8mrge53wbh','2023-12-06 03:37:54.748990','2023-12-06 03:37:54.941631',7),(449,'https://d2n33bp2yovvw9.cloudfront.net/7lkf0k1k0dez4tui92ikizxikpdp','2023-12-06 03:40:24.236398','2023-12-06 03:40:24.399194',7),(450,'https://d2n33bp2yovvw9.cloudfront.net/wfi3k6k3kwnf5zr7cxiojg8tovf4','2023-12-06 04:13:22.666354','2023-12-06 04:13:22.851072',7),(451,'https://d2n33bp2yovvw9.cloudfront.net/u6tpt44d1i02b2jk6dlldo5pnfon','2023-12-06 10:28:24.888393','2023-12-06 10:28:25.103388',7),(452,'https://d2n33bp2yovvw9.cloudfront.net/flh91x1gy5duum59zo97ioow2kz1','2023-12-06 12:03:09.076121','2023-12-06 12:03:09.238375',7),(453,'https://d2n33bp2yovvw9.cloudfront.net/3nai5ws45dhgq8n4jg2q867wocdd','2023-12-06 12:05:49.260511','2023-12-06 12:05:49.437755',7),(454,'https://d2n33bp2yovvw9.cloudfront.net/z9lg6k30cud9urpom1bv3fi2ci17','2023-12-06 12:06:44.737227','2023-12-06 12:06:44.923698',7),(455,'https://d2n33bp2yovvw9.cloudfront.net/g5p7ld2ptn7g7osh47toeneqdlnj','2023-12-06 12:08:48.880327','2023-12-06 12:08:49.046950',7),(456,'https://d2n33bp2yovvw9.cloudfront.net/xrm3v377dnplmgf7odf4045ax58h','2023-12-06 12:09:01.805662','2023-12-06 12:09:02.008350',7),(457,'https://d2n33bp2yovvw9.cloudfront.net/pxr4vjajemr89qbizmlwltmewnzv','2023-12-06 13:00:07.997612','2023-12-06 13:00:08.134167',7),(458,'https://d2n33bp2yovvw9.cloudfront.net/e5o4ugdstl6ks7n4fl1s0z6czguw','2023-12-06 14:39:29.278829','2023-12-06 14:39:29.462678',7),(483,'https://d2n33bp2yovvw9.cloudfront.net/cj0eyt115t3gwh0b9mmn6cj9nlna','2023-12-07 08:54:47.615204','2023-12-07 08:54:47.869324',7),(484,'https://d2n33bp2yovvw9.cloudfront.net/nkfx0psaiyzx9lp1zmfng61q4j3y','2023-12-07 09:20:21.854289','2023-12-07 09:20:22.058871',7),(485,'https://d2n33bp2yovvw9.cloudfront.net/z74ndv9tfwd3cht2kgpsl6v5jknu','2023-12-08 09:41:18.893252','2023-12-08 09:41:19.190716',4175),(486,'https://d2n33bp2yovvw9.cloudfront.net/agcvm0b8dbpjqre9trp93xamjat5','2023-12-08 09:43:13.765789','2023-12-08 09:43:14.090498',4175),(487,'https://d2n33bp2yovvw9.cloudfront.net/jy6o22ze6ufcgbzxyyeabrjbzci2','2023-12-08 09:44:09.571837','2023-12-08 09:44:09.770704',4175),(488,'https://d2n33bp2yovvw9.cloudfront.net/16z9950z783sj77qp5h5f6wwhkzu','2023-12-08 09:44:59.048956','2023-12-08 09:44:59.165078',4175),(489,'https://d2n33bp2yovvw9.cloudfront.net/39wbw7wapslwucmhe8zez09q08bj','2023-12-08 09:47:44.324467','2023-12-08 09:47:44.526419',4175),(490,'https://d2n33bp2yovvw9.cloudfront.net/64brn93c9ucnfp8swkamvt1e3ghe','2023-12-09 04:34:53.893386','2023-12-09 04:34:54.340625',226),(491,'https://d2n33bp2yovvw9.cloudfront.net/lsx50qfuzqcp6l90xhfoxod2riyx','2023-12-09 04:34:54.467427','2023-12-09 04:34:54.563349',226),(492,'https://d2n33bp2yovvw9.cloudfront.net/1h207h6n58etmq4xhpri6z8gvmbg','2023-12-09 04:34:54.693678','2023-12-09 04:34:54.793233',226),(493,'https://d2n33bp2yovvw9.cloudfront.net/vwmlxdogta0bvgmpm83riqmowy0f','2023-12-09 04:34:54.935902','2023-12-09 04:34:55.029206',226);
/*!40000 ALTER TABLE `images` ENABLE KEYS */;
UNLOCK TABLES;

--
-- Table structure for table `images_post_comments`
--

DROP TABLE IF EXISTS `images_post_comments`;
/*!40101 SET @saved_cs_client     = @@character_set_client */;
/*!50503 SET character_set_client = utf8mb4 */;
CREATE TABLE `images_post_comments` (
  `id` bigint NOT NULL AUTO_INCREMENT,
  `post_comment_id` bigint DEFAULT NULL,
  `image_id` bigint DEFAULT NULL,
  `created_at` datetime(6) NOT NULL,
  `updated_at` datetime(6) NOT NULL,
  PRIMARY KEY (`id`),
  KEY `index_images_post_comments_on_post_comment_id` (`post_comment_id`),
  KEY `index_images_post_comments_on_image_id` (`image_id`),
  CONSTRAINT `fk_rails_5837dde773` FOREIGN KEY (`image_id`) REFERENCES `images` (`id`),
  CONSTRAINT `fk_rails_a3b0d4d01a` FOREIGN KEY (`post_comment_id`) REFERENCES `post_comments` (`id`)
) ENGINE=InnoDB AUTO_INCREMENT=49 DEFAULT CHARSET=utf8mb4 COLLATE=utf8mb4_0900_ai_ci;
/*!40101 SET character_set_client = @saved_cs_client */;

--
-- Dumping data for table `images_post_comments`
--

LOCK TABLES `images_post_comments` WRITE;
/*!40000 ALTER TABLE `images_post_comments` DISABLE KEYS */;
INSERT INTO `images_post_comments` VALUES (11,2,41,'2023-10-04 14:32:26.455873','2023-10-04 14:32:26.455873'),(13,3,41,'2023-10-04 14:32:36.791540','2023-10-04 14:32:36.791540'),(18,41,220,'2023-10-19 07:53:07.149537','2023-10-19 07:53:07.149537'),(19,43,221,'2023-10-19 07:57:06.783901','2023-10-19 07:57:06.783901'),(20,48,226,'2023-10-19 08:26:51.746901','2023-10-19 08:26:51.746901'),(21,49,227,'2023-10-19 08:28:56.917805','2023-10-19 08:28:56.917805'),(22,54,248,'2023-10-21 04:41:18.117439','2023-10-21 04:41:18.117439'),(23,56,249,'2023-10-21 08:19:38.684246','2023-10-21 08:19:38.684246'),(24,58,250,'2023-10-21 08:23:02.442081','2023-10-21 08:23:02.442081'),(25,64,254,'2023-10-21 08:42:26.520911','2023-10-21 08:42:26.520911'),(26,66,256,'2023-10-21 09:03:05.092826','2023-10-21 09:03:05.092826');
/*!40000 ALTER TABLE `images_post_comments` ENABLE KEYS */;
UNLOCK TABLES;

--
-- Table structure for table `images_posts`
--

DROP TABLE IF EXISTS `images_posts`;
/*!40101 SET @saved_cs_client     = @@character_set_client */;
/*!50503 SET character_set_client = utf8mb4 */;
CREATE TABLE `images_posts` (
  `id` bigint NOT NULL AUTO_INCREMENT,
  `post_id` bigint DEFAULT NULL,
  `image_id` bigint DEFAULT NULL,
  `created_at` datetime(6) NOT NULL,
  `updated_at` datetime(6) NOT NULL,
  PRIMARY KEY (`id`),
  KEY `index_images_posts_on_post_id` (`post_id`),
  KEY `index_images_posts_on_image_id` (`image_id`),
  CONSTRAINT `fk_rails_3ee54b46c4` FOREIGN KEY (`post_id`) REFERENCES `posts` (`id`) ON DELETE CASCADE,
  CONSTRAINT `fk_rails_a28ba4003c` FOREIGN KEY (`image_id`) REFERENCES `images` (`id`) ON DELETE CASCADE
) ENGINE=InnoDB AUTO_INCREMENT=91 DEFAULT CHARSET=utf8mb4 COLLATE=utf8mb4_0900_ai_ci;
/*!40101 SET character_set_client = @saved_cs_client */;

--
-- Dumping data for table `images_posts`
--

LOCK TABLES `images_posts` WRITE;
/*!40000 ALTER TABLE `images_posts` DISABLE KEYS */;
INSERT INTO `images_posts` VALUES (18,9,133,'2023-10-09 17:14:06.180731','2023-10-09 17:14:06.180731'),(19,9,134,'2023-10-09 17:14:06.241731','2023-10-09 17:14:06.241731'),(20,9,135,'2023-10-09 17:14:06.299193','2023-10-09 17:14:06.299193'),(21,10,165,'2023-10-10 07:23:39.260657','2023-10-10 07:23:39.260657'),(22,10,166,'2023-10-10 07:23:39.314553','2023-10-10 07:23:39.314553'),(23,10,167,'2023-10-10 07:23:39.368960','2023-10-10 07:23:39.368960'),(24,10,168,'2023-10-10 07:23:39.424753','2023-10-10 07:23:39.424753'),(25,11,242,'2023-10-10 07:25:32.739804','2023-10-10 07:25:32.739804'),(26,11,242,'2023-10-10 07:25:32.795515','2023-10-10 07:25:32.795515'),(27,11,241,'2023-10-10 07:25:32.850566','2023-10-10 07:25:32.850566'),(28,11,241,'2023-10-10 07:25:32.906336','2023-10-10 07:25:32.906336'),(29,12,173,'2023-10-10 08:51:11.035094','2023-10-10 08:51:11.035094'),(30,12,242,'2023-10-10 08:51:11.090911','2023-10-10 08:51:11.090911'),(31,12,241,'2023-10-10 08:51:11.147355','2023-10-10 08:51:11.147355'),(32,13,176,'2023-10-10 09:32:12.203074','2023-10-10 09:32:12.203074'),(33,13,177,'2023-10-10 09:32:12.259594','2023-10-10 09:32:12.259594'),(34,13,178,'2023-10-10 09:32:12.316804','2023-10-10 09:32:12.316804'),(35,14,242,'2023-10-14 00:05:22.962094','2023-10-14 00:05:22.962094'),(36,14,242,'2023-10-14 00:05:23.013555','2023-10-14 00:05:23.013555'),(37,15,212,'2023-10-14 08:32:24.453295','2023-10-14 08:32:24.453295'),(38,15,213,'2023-10-14 08:32:24.509274','2023-10-14 08:32:24.509274'),(39,15,214,'2023-10-14 08:32:24.564538','2023-10-14 08:32:24.564538'),(40,16,217,'2023-10-14 08:38:20.392601','2023-10-14 08:38:20.392601'),(41,7,218,'2023-10-18 16:01:49.204230','2023-10-18 16:01:49.204230'),(42,18,247,'2023-10-20 20:02:26.500440','2023-10-20 20:02:26.500440'),(43,19,260,'2023-11-01 08:13:44.209485','2023-11-01 08:13:44.209485'),(44,30,271,'2023-11-19 17:23:20.734161','2023-11-19 17:23:20.734161'),(45,31,272,'2023-11-19 17:48:49.525419','2023-11-19 17:48:49.525419'),(46,34,275,'2023-11-20 16:51:00.246766','2023-11-20 16:51:00.246766'),(52,27,281,'2023-11-22 06:34:30.484561','2023-11-22 06:34:30.484561'),(53,51,282,'2023-11-23 14:14:34.992159','2023-11-23 14:14:34.992159'),(56,62,283,'2023-11-24 15:39:37.086783','2023-11-24 15:39:37.086783'),(76,1524,410,'2023-12-01 07:22:28.647023','2023-12-01 07:22:28.647023'),(77,1627,429,'2023-12-01 10:46:48.855847','2023-12-01 10:46:48.855847'),(80,1949,439,'2023-12-02 08:26:27.890944','2023-12-02 08:26:27.890944'),(89,2785,485,'2023-12-08 09:47:56.802748','2023-12-08 09:47:56.802748'),(90,2785,489,'2023-12-08 09:47:56.824279','2023-12-08 09:47:56.824279');
/*!40000 ALTER TABLE `images_posts` ENABLE KEYS */;
UNLOCK TABLES;

--
-- Table structure for table `login_histories`
--

DROP TABLE IF EXISTS `login_histories`;
/*!40101 SET @saved_cs_client     = @@character_set_client */;
/*!50503 SET character_set_client = utf8mb4 */;
CREATE TABLE `login_histories` (
  `id` bigint NOT NULL AUTO_INCREMENT,
  `user_id` bigint DEFAULT NULL,
  `ip_address` text COMMENT 'Ip của client đăng nhập.',
  `created_at` datetime(6) NOT NULL,
  `updated_at` datetime(6) NOT NULL,
  PRIMARY KEY (`id`),
  KEY `index_login_histories_on_user_id` (`user_id`),
  CONSTRAINT `fk_rails_5f9b84f668` FOREIGN KEY (`user_id`) REFERENCES `users` (`id`)
) ENGINE=InnoDB AUTO_INCREMENT=301 DEFAULT CHARSET=utf8mb4 COLLATE=utf8mb4_0900_ai_ci;
/*!40101 SET character_set_client = @saved_cs_client */;

--
-- Dumping data for table `login_histories`
--

LOCK TABLES `login_histories` WRITE;
/*!40000 ALTER TABLE `login_histories` DISABLE KEYS */;
INSERT INTO `login_histories` VALUES (4,6,'127.0.0.1','2023-10-18 22:57:51.077688','2023-11-18 22:57:51.077688'),(5,6,'127.0.0.1','2023-11-18 22:58:11.462554','2023-11-18 22:58:11.462554'),(6,6,'113.23.42.188','2023-11-18 16:02:21.814846','2023-11-18 16:02:21.814846'),(7,6,'113.23.42.188','2023-11-18 16:05:55.477571','2023-11-18 16:05:55.477571'),(8,6,'113.23.42.188','2023-11-18 16:07:18.194226','2023-11-18 16:07:18.194226'),(9,39,'117.5.153.78','2023-11-19 04:46:49.835461','2023-11-19 04:46:49.835461'),(10,7,'117.5.153.78','2023-11-19 06:34:08.228038','2023-11-19 06:34:08.228038'),(11,6,'127.0.0.1','2023-11-19 08:35:19.357145','2023-11-19 08:35:19.357145'),(12,39,'117.5.153.78','2023-11-19 10:24:23.191589','2023-11-19 10:24:23.191589'),(13,7,'117.5.153.78','2023-11-19 10:35:15.453438','2023-11-19 10:35:15.453438'),(14,39,'117.5.153.78','2023-11-19 13:53:18.582326','2023-11-19 13:53:18.582326'),(15,7,'117.5.153.78','2023-11-19 13:53:34.368451','2023-11-19 13:53:34.368451'),(16,39,'117.5.153.78','2023-11-19 16:34:22.615261','2023-11-19 16:34:22.615261'),(17,7,'117.5.153.78','2023-11-19 16:51:22.990904','2023-11-19 16:51:22.990904'),(18,7,'222.252.111.254','2023-11-19 17:30:36.272065','2023-11-19 17:30:36.272065'),(19,140,'222.252.111.254','2023-11-19 17:44:55.012799','2023-11-19 17:44:55.012799'),(20,140,'222.252.111.254','2023-11-19 17:45:02.829692','2023-11-19 17:45:02.829692'),(21,7,'::ffff:222.252.111.254','2023-11-20 16:16:01.966624','2023-11-20 16:16:01.966624'),(22,140,'::ffff:222.252.111.254','2023-11-20 16:16:46.948490','2023-11-20 16:16:46.948490'),(23,140,'222.252.111.254','2023-11-20 17:48:31.812672','2023-11-20 17:48:31.812672'),(24,7,'222.252.111.254','2023-11-21 07:44:25.054598','2023-11-21 07:44:25.054598'),(25,7,'222.252.111.254','2023-11-21 18:39:16.511615','2023-11-21 18:39:16.511615'),(26,140,'222.252.111.254','2023-11-21 18:40:17.772276','2023-11-21 18:40:17.772276'),(27,140,'222.252.111.254','2023-11-22 05:43:32.267065','2023-11-22 05:43:32.267065'),(28,140,'222.252.111.254','2023-11-22 05:51:52.270698','2023-11-22 05:51:52.270698'),(29,140,'222.252.111.254','2023-11-22 05:57:55.029197','2023-11-22 05:57:55.029197'),(30,7,'117.5.153.78','2023-11-22 06:21:48.159192','2023-11-22 06:21:48.159192'),(31,7,'34.142.196.144','2023-11-22 06:21:53.309822','2023-11-22 06:21:53.309822'),(32,39,'117.5.153.78','2023-11-22 06:22:07.691193','2023-11-22 06:22:07.691193'),(33,7,'222.252.111.254','2023-11-22 06:25:02.014007','2023-11-22 06:25:02.014007'),(34,39,'117.5.153.78','2023-11-22 06:37:52.965831','2023-11-22 06:37:52.965831'),(35,7,'117.5.153.78','2023-11-22 06:38:02.416561','2023-11-22 06:38:02.416561'),(36,7,'117.5.153.78','2023-11-22 06:43:23.685379','2023-11-22 06:43:23.685379'),(37,39,'117.5.153.78','2023-11-22 06:43:46.791059','2023-11-22 06:43:46.791059'),(38,39,'117.5.153.78','2023-11-22 07:00:19.119820','2023-11-22 07:00:19.119820'),(39,6,'117.5.153.78','2023-11-22 07:01:45.102471','2023-11-22 07:01:45.102471'),(40,39,'117.5.153.78','2023-11-22 07:11:46.867961','2023-11-22 07:11:46.867961'),(41,7,'222.252.111.254','2023-11-22 07:13:51.132901','2023-11-22 07:13:51.132901'),(42,6,'117.5.153.78','2023-11-22 07:27:34.558479','2023-11-22 07:27:34.558479'),(43,39,'117.5.153.78','2023-11-22 07:35:04.362892','2023-11-22 07:35:04.362892'),(44,39,'117.5.153.78','2023-11-22 07:35:23.602333','2023-11-22 07:35:23.602333'),(45,6,'117.5.153.78','2023-11-22 07:36:05.115730','2023-11-22 07:36:05.115730'),(46,39,'117.5.153.78','2023-11-22 07:37:48.203226','2023-11-22 07:37:48.203226'),(47,6,'117.5.153.78','2023-11-22 07:38:55.546732','2023-11-22 07:38:55.546732'),(48,7,'222.252.111.254','2023-11-22 07:41:09.888496','2023-11-22 07:41:09.888496'),(49,39,'117.5.153.78','2023-11-22 07:44:02.160486','2023-11-22 07:44:02.160486'),(50,6,'117.5.153.78','2023-11-22 07:45:27.541394','2023-11-22 07:45:27.541394'),(51,7,'::ffff:222.252.111.254','2023-11-22 07:48:56.876148','2023-11-22 07:48:56.876148'),(52,7,'222.252.111.254','2023-11-22 07:49:01.693141','2023-11-22 07:49:01.693141'),(53,39,'117.5.153.78','2023-11-22 07:49:42.943767','2023-11-22 07:49:42.943767'),(54,7,'222.252.111.254','2023-11-22 07:50:10.651475','2023-11-22 07:50:10.651475'),(55,7,'34.142.196.144','2023-11-22 07:50:15.666672','2023-11-22 07:50:15.666672'),(56,7,'34.142.196.144','2023-11-22 07:50:17.932829','2023-11-22 07:50:17.932829'),(57,140,'222.252.111.254','2023-11-22 07:59:54.331963','2023-11-22 07:59:54.331963'),(58,6,'117.5.153.78','2023-11-22 08:12:45.060054','2023-11-22 08:12:45.060054'),(59,39,'117.5.153.78','2023-11-22 08:16:33.445792','2023-11-22 08:16:33.445792'),(60,6,'117.5.153.78','2023-11-22 08:19:24.681772','2023-11-22 08:19:24.681772'),(61,39,'117.5.153.78','2023-11-22 08:19:31.226341','2023-11-22 08:19:31.226341'),(62,7,'222.252.111.254','2023-11-22 08:37:52.913723','2023-11-22 08:37:52.913723'),(63,140,'::ffff:222.252.111.254','2023-11-22 08:40:37.562825','2023-11-22 08:40:37.562825'),(64,140,'222.252.111.254','2023-11-22 09:24:57.383061','2023-11-22 09:24:57.383061'),(65,7,'222.252.111.254','2023-11-22 09:37:56.880248','2023-11-22 09:37:56.880248'),(66,7,'222.252.111.254','2023-11-22 09:38:46.872156','2023-11-22 09:38:46.872156'),(67,39,'117.5.153.78','2023-11-22 09:39:06.596078','2023-11-22 09:39:06.596078'),(68,39,'117.5.153.78','2023-11-22 09:42:30.979194','2023-11-22 09:42:30.979194'),(69,140,'222.252.111.254','2023-11-22 09:45:22.361593','2023-11-22 09:45:22.361593'),(70,6,'117.5.153.78','2023-11-22 09:55:07.374401','2023-11-22 09:55:07.374401'),(71,7,'117.5.153.78','2023-11-22 09:55:32.646051','2023-11-22 09:55:32.646051'),(72,6,'117.5.153.78','2023-11-22 09:56:09.447139','2023-11-22 09:56:09.447139'),(73,39,'117.5.153.78','2023-11-22 09:56:25.011533','2023-11-22 09:56:25.011533'),(74,6,'117.5.153.78','2023-11-22 09:58:20.052678','2023-11-22 09:58:20.052678'),(75,6,'117.5.153.78','2023-11-22 09:58:48.413654','2023-11-22 09:58:48.413654'),(76,6,'117.5.153.78','2023-11-22 10:00:45.603711','2023-11-22 10:00:45.603711'),(77,6,'117.5.153.78','2023-11-22 10:00:54.000611','2023-11-22 10:00:54.000611'),(78,6,'117.5.153.78','2023-11-22 10:03:10.144227','2023-11-22 10:03:10.144227'),(79,6,'117.5.153.78','2023-11-22 10:04:53.145325','2023-11-22 10:04:53.145325'),(80,6,'117.5.153.78','2023-11-22 10:06:45.908463','2023-11-22 10:06:45.908463'),(81,6,'117.5.153.78','2023-11-22 10:07:31.615736','2023-11-22 10:07:31.615736'),(82,6,'117.5.153.78','2023-11-22 10:09:54.293589','2023-11-22 10:09:54.293589'),(83,39,'117.5.153.78','2023-11-22 10:12:42.613164','2023-11-22 10:12:42.613164'),(84,39,'117.5.153.78','2023-11-22 10:13:03.860166','2023-11-22 10:13:03.860166'),(85,140,'222.252.111.254','2023-11-22 10:16:07.761239','2023-11-22 10:16:07.761239'),(86,7,'222.252.111.254','2023-11-22 10:16:49.328663','2023-11-22 10:16:49.328663'),(87,140,'222.252.111.254','2023-11-22 10:17:52.002607','2023-11-22 10:17:52.002607'),(88,140,'222.252.111.254','2023-11-22 10:22:40.762434','2023-11-22 10:22:40.762434'),(89,140,'222.252.111.254','2023-11-22 10:25:59.852930','2023-11-22 10:25:59.852930'),(90,140,'222.252.111.254','2023-11-22 10:30:41.003898','2023-11-22 10:30:41.003898'),(91,140,'222.252.111.254','2023-11-22 10:35:09.063634','2023-11-22 10:35:09.063634'),(92,140,'222.252.111.254','2023-11-22 10:35:49.802897','2023-11-22 10:35:49.802897'),(93,140,'222.252.111.254','2023-11-22 10:38:07.817505','2023-11-22 10:38:07.817505'),(94,140,'222.252.111.254','2023-11-22 10:38:23.792257','2023-11-22 10:38:23.792257'),(95,140,'34.142.196.144','2023-11-22 11:35:44.272873','2023-11-22 11:35:44.272873'),(96,7,'34.142.196.144','2023-11-22 11:47:22.551575','2023-11-22 11:47:22.551575'),(107,140,'34.142.196.144','2023-11-22 14:27:36.867071','2023-11-22 14:27:36.867071'),(112,7,'34.142.196.144','2023-11-22 20:59:34.945797','2023-11-22 20:59:34.945797'),(113,7,'34.142.196.144','2023-11-23 06:18:26.371410','2023-11-23 06:18:26.371410'),(114,140,'34.142.196.144','2023-11-23 10:02:55.085631','2023-11-23 10:02:55.085631'),(115,7,'34.142.196.144','2023-11-23 11:44:54.953723','2023-11-23 11:44:54.953723'),(116,39,'34.142.196.144','2023-11-23 12:47:40.459699','2023-11-23 12:47:40.459699'),(117,39,'34.142.196.144','2023-11-23 12:47:54.519501','2023-11-23 12:47:54.519501'),(118,140,'34.142.196.144','2023-11-23 12:56:49.454873','2023-11-23 12:56:49.454873'),(119,7,'222.252.111.254','2023-11-23 13:22:45.741692','2023-11-23 13:22:45.741692'),(120,140,'222.252.111.254','2023-11-23 13:28:27.208111','2023-11-23 13:28:27.208111'),(121,140,'222.252.111.254','2023-11-23 14:12:31.541026','2023-11-23 14:12:31.541026'),(122,140,'34.142.196.144','2023-11-23 14:38:00.326834','2023-11-23 14:38:00.326834'),(123,6,'34.142.196.144','2023-11-23 14:41:43.746984','2023-11-23 14:41:43.746984'),(124,7,'34.142.196.144','2023-11-23 14:50:51.477746','2023-11-23 14:50:51.477746'),(125,7,'34.142.196.144','2023-11-23 14:53:24.999869','2023-11-23 14:53:24.999869'),(126,140,'34.142.196.144','2023-11-23 14:53:59.143413','2023-11-23 14:53:59.143413'),(127,225,'34.142.196.144','2023-11-23 15:06:05.758348','2023-11-23 15:06:05.758348'),(128,225,'34.142.196.144','2023-11-23 15:06:10.612235','2023-11-23 15:06:10.612235'),(129,225,'34.142.196.144','2023-11-23 15:11:31.269551','2023-11-23 15:11:31.269551'),(130,7,'34.142.196.144','2023-11-23 15:13:29.096033','2023-11-23 15:13:29.096033'),(131,225,'34.142.196.144','2023-11-23 15:18:21.508037','2023-11-23 15:18:21.508037'),(132,39,'117.5.153.78','2023-11-23 15:36:09.845291','2023-11-23 15:36:09.845291'),(133,140,'222.252.111.254','2023-11-23 16:00:07.195334','2023-11-23 16:00:07.195334'),(134,39,'34.142.196.144','2023-11-23 16:15:54.800938','2023-11-23 16:15:54.800938'),(135,7,'34.142.196.144','2023-11-24 14:33:46.210057','2023-11-24 14:33:46.210057'),(136,7,'27.67.137.81','2023-11-24 14:37:40.576061','2023-11-24 14:37:40.576061'),(137,140,'::ffff:222.252.111.254','2023-11-24 14:44:01.906618','2023-11-24 14:44:01.906618'),(138,226,'34.142.196.144','2023-11-24 14:44:02.674699','2023-11-24 14:44:02.674699'),(139,226,'34.142.196.144','2023-11-24 14:45:56.992991','2023-11-24 14:45:56.992991'),(140,227,'34.142.196.144','2023-11-24 14:47:59.212919','2023-11-24 14:47:59.212919'),(141,227,'34.142.196.144','2023-11-24 14:48:10.712618','2023-11-24 14:48:10.712618'),(142,39,'27.67.137.81','2023-11-24 15:43:18.357229','2023-11-24 15:43:18.357229'),(143,7,'27.67.137.81','2023-11-24 16:16:46.774259','2023-11-24 16:16:46.774259'),(144,7,'34.142.196.144','2023-11-25 15:27:46.069444','2023-11-25 15:27:46.069444'),(145,228,'34.142.196.144','2023-11-25 16:01:22.261489','2023-11-25 16:01:22.261489'),(146,228,'34.142.196.144','2023-11-25 16:01:36.328084','2023-11-25 16:01:36.328084'),(173,39,'27.78.6.14','2023-11-26 15:58:33.379346','2023-11-26 15:58:33.379346'),(174,39,'27.67.176.176','2023-11-27 14:19:57.371572','2023-11-27 14:19:57.371572'),(175,39,'127.0.0.1','2023-11-27 14:23:15.483790','2023-11-27 14:23:15.483790'),(176,7,'27.67.176.176','2023-11-27 14:51:20.837456','2023-11-27 14:51:20.837456'),(177,6,'27.67.176.176','2023-11-27 14:51:49.061183','2023-11-27 14:51:49.061183'),(178,39,'27.67.176.176','2023-11-27 14:52:55.767740','2023-11-27 14:52:55.767740'),(179,2098,'27.67.176.176','2023-11-27 16:11:04.953764','2023-11-27 16:11:04.953764'),(180,2098,'27.67.176.176','2023-11-27 16:11:07.151299','2023-11-27 16:11:07.151299'),(181,39,'27.67.176.176','2023-11-27 16:32:59.652109','2023-11-27 16:32:59.652109'),(182,140,'::ffff:222.252.111.254','2023-11-27 16:50:52.213649','2023-11-27 16:50:52.213649'),(183,140,'::ffff:222.252.111.254','2023-11-29 09:33:20.324780','2023-11-29 09:33:20.324780'),(184,140,'34.142.196.144','2023-11-29 10:59:26.856470','2023-11-29 10:59:26.856470'),(185,140,'34.142.196.144','2023-11-29 13:15:27.800657','2023-11-29 13:15:27.800657'),(186,2099,'34.142.196.144','2023-11-29 13:32:48.019527','2023-11-29 13:32:48.019527'),(187,2099,'34.142.196.144','2023-11-29 13:32:52.412531','2023-11-29 13:32:52.412531'),(188,2099,'34.142.196.144','2023-11-29 15:20:21.001039','2023-11-29 15:20:21.001039'),(195,2429,'34.142.196.144','2023-11-30 15:13:44.048019','2023-11-30 15:13:44.048019'),(196,2429,'34.142.196.144','2023-11-30 15:15:45.554176','2023-11-30 15:15:45.554176'),(197,2099,'34.142.196.144','2023-11-30 15:25:41.680244','2023-11-30 15:25:41.680244'),(198,225,'34.142.196.144','2023-11-30 15:37:34.168543','2023-11-30 15:37:34.168543'),(199,2099,'34.142.196.144','2023-11-30 15:48:52.012136','2023-11-30 15:48:52.012136'),(200,2099,'34.142.196.144','2023-11-30 15:52:55.662639','2023-11-30 15:52:55.662639'),(201,140,'34.142.196.144','2023-11-30 16:03:40.183706','2023-11-30 16:03:40.183706'),(202,225,'34.142.196.144','2023-11-30 16:48:30.864306','2023-11-30 16:48:30.864306'),(203,225,'34.142.196.144','2023-11-30 16:55:34.263477','2023-11-30 16:55:34.263477'),(204,140,'34.142.196.144','2023-11-30 17:03:44.366815','2023-11-30 17:03:44.366815'),(205,225,'34.142.196.144','2023-11-30 17:04:14.517710','2023-11-30 17:04:14.517710'),(206,39,'34.142.196.144','2023-11-30 17:10:55.794675','2023-11-30 17:10:55.794675'),(207,39,'34.142.196.144','2023-11-30 17:42:21.344118','2023-11-30 17:42:21.344118'),(208,6,'116.104.63.31','2023-11-30 17:43:16.816919','2023-11-30 17:43:16.816919'),(209,6,'116.104.63.31','2023-11-30 17:43:16.884158','2023-11-30 17:43:16.884158'),(210,6,'116.104.63.31','2023-11-30 17:43:27.223608','2023-11-30 17:43:27.223608'),(211,39,'116.104.63.31','2023-11-30 17:43:55.338253','2023-11-30 17:43:55.338253'),(212,6,'116.104.63.31','2023-11-30 17:44:01.713567','2023-11-30 17:44:01.713567'),(213,39,'34.142.196.144','2023-11-30 17:44:23.032694','2023-11-30 17:44:23.032694'),(214,2430,'34.142.196.144','2023-12-01 00:43:18.272705','2023-12-01 00:43:18.272705'),(215,2430,'34.142.196.144','2023-12-01 00:43:34.759862','2023-12-01 00:43:34.759862'),(218,2099,'34.142.196.144','2023-12-01 06:47:17.614134','2023-12-01 06:47:17.614134'),(219,225,'34.142.196.144','2023-12-01 06:54:27.620803','2023-12-01 06:54:27.620803'),(220,2099,'34.142.196.144','2023-12-01 06:54:46.921062','2023-12-01 06:54:46.921062'),(221,2099,'34.142.196.144','2023-12-01 07:09:20.973091','2023-12-01 07:09:20.973091'),(222,225,'34.142.196.144','2023-12-01 07:09:59.324046','2023-12-01 07:09:59.324046'),(223,2099,'34.142.196.144','2023-12-01 07:10:23.766342','2023-12-01 07:10:23.766342'),(224,225,'34.142.196.144','2023-12-01 07:58:13.399873','2023-12-01 07:58:13.399873'),(225,2099,'34.142.196.144','2023-12-01 08:09:45.153576','2023-12-01 08:09:45.153576'),(226,225,'34.142.196.144','2023-12-01 10:02:03.240134','2023-12-01 10:02:03.240134'),(227,2099,'34.142.196.144','2023-12-01 10:02:09.165898','2023-12-01 10:02:09.165898'),(228,225,'34.142.196.144','2023-12-01 10:02:24.565335','2023-12-01 10:02:24.565335'),(229,2099,'34.142.196.144','2023-12-01 10:02:44.880944','2023-12-01 10:02:44.880944'),(230,225,'34.142.196.144','2023-12-01 10:06:37.616500','2023-12-01 10:06:37.616500'),(231,6,'171.255.66.181','2023-12-01 10:32:12.798377','2023-12-01 10:32:12.798377'),(232,39,'171.255.66.181','2023-12-01 10:46:44.123191','2023-12-01 10:46:44.123191'),(233,2099,'34.142.196.144','2023-12-01 10:51:06.154834','2023-12-01 10:51:06.154834'),(234,2099,'34.142.196.144','2023-12-01 11:27:49.550896','2023-12-01 11:27:49.550896'),(235,7,'171.255.66.181','2023-12-01 15:49:39.015988','2023-12-01 15:49:39.015988'),(236,39,'171.255.66.181','2023-12-01 15:59:14.168600','2023-12-01 15:59:14.168600'),(237,7,'171.255.66.181','2023-12-01 16:02:34.464891','2023-12-01 16:02:34.464891'),(238,39,'171.255.66.181','2023-12-01 16:08:27.887724','2023-12-01 16:08:27.887724'),(239,7,'171.255.66.181','2023-12-01 16:09:50.135161','2023-12-01 16:09:50.135161'),(240,39,'171.255.66.181','2023-12-01 16:10:42.369487','2023-12-01 16:10:42.369487'),(241,7,'171.255.66.181','2023-12-01 16:11:01.107882','2023-12-01 16:11:01.107882'),(242,39,'171.255.66.181','2023-12-01 16:15:36.082442','2023-12-01 16:15:36.082442'),(243,6,'171.255.66.181','2023-12-01 17:21:29.827050','2023-12-01 17:21:29.827050'),(244,39,'171.255.66.181','2023-12-01 17:23:16.360858','2023-12-01 17:23:16.360858'),(245,2098,'171.255.66.181','2023-12-01 17:35:15.480274','2023-12-01 17:35:15.480274'),(246,39,'171.255.66.181','2023-12-01 17:36:10.087831','2023-12-01 17:36:10.087831'),(247,2098,'171.255.66.181','2023-12-01 17:41:18.543505','2023-12-01 17:41:18.543505'),(248,39,'171.255.66.181','2023-12-01 17:43:36.210869','2023-12-01 17:43:36.210869'),(249,225,'34.142.196.144','2023-12-02 03:55:25.718547','2023-12-02 03:55:25.718547'),(250,2429,'34.142.196.144','2023-12-02 04:54:57.153481','2023-12-02 04:54:57.153481'),(251,225,'34.142.196.144','2023-12-02 04:55:58.182286','2023-12-02 04:55:58.182286'),(252,2099,'34.142.196.144','2023-12-02 04:56:18.190063','2023-12-02 04:56:18.190063'),(253,2429,'34.142.196.144','2023-12-02 05:49:33.387778','2023-12-02 05:49:33.387778'),(254,140,'34.142.196.144','2023-12-02 05:49:56.021938','2023-12-02 05:49:56.021938'),(257,2099,'34.142.196.144','2023-12-02 08:28:30.470433','2023-12-02 08:28:30.470433'),(258,140,'34.142.196.144','2023-12-02 08:28:55.946532','2023-12-02 08:28:55.946532'),(259,2099,'34.142.196.144','2023-12-02 08:30:32.287855','2023-12-02 08:30:32.287855'),(260,6,'34.142.196.144','2023-12-02 08:36:36.058636','2023-12-02 08:36:36.058636'),(261,6,'34.142.196.144','2023-12-02 08:38:44.197583','2023-12-02 08:38:44.197583'),(262,7,'34.142.196.144','2023-12-02 08:39:37.047783','2023-12-02 08:39:37.047783'),(263,225,'34.142.196.144','2023-12-02 08:40:23.300913','2023-12-02 08:40:23.300913'),(264,2099,'34.142.196.144','2023-12-04 17:26:51.422404','2023-12-04 17:26:51.422404'),(277,227,'125.235.132.215','2023-12-07 09:21:23.168288','2023-12-07 09:21:23.168288'),(278,2099,'34.142.196.144','2023-12-08 07:10:29.663690','2023-12-08 07:10:29.663690'),(279,2099,'34.142.196.144','2023-12-08 08:57:37.790982','2023-12-08 08:57:37.790982'),(280,2099,'34.142.196.144','2023-12-08 09:15:04.721920','2023-12-08 09:15:04.721920'),(281,4175,'34.142.196.144','2023-12-08 09:37:23.691259','2023-12-08 09:37:23.691259'),(282,4175,'34.142.196.144','2023-12-08 09:37:28.769195','2023-12-08 09:37:28.769195'),(283,2099,'34.142.196.144','2023-12-08 10:12:52.529186','2023-12-08 10:12:52.529186'),(284,4175,'34.142.196.144','2023-12-08 10:14:59.346508','2023-12-08 10:14:59.346508'),(285,225,'34.142.196.144','2023-12-08 10:27:01.262512','2023-12-08 10:27:01.262512'),(286,4175,'34.142.196.144','2023-12-08 10:27:34.690901','2023-12-08 10:27:34.690901'),(287,225,'34.142.196.144','2023-12-08 10:28:16.802523','2023-12-08 10:28:16.802523'),(288,4175,'34.142.196.144','2023-12-08 10:29:04.383689','2023-12-08 10:29:04.383689'),(289,225,'34.142.196.144','2023-12-08 10:31:31.191430','2023-12-08 10:31:31.191430'),(290,7,'34.142.196.144','2023-12-08 13:34:55.475614','2023-12-08 13:34:55.475614'),(291,2099,'34.142.196.144','2023-12-08 13:44:50.510129','2023-12-08 13:44:50.510129'),(292,2099,'34.142.196.144','2023-12-08 16:00:06.760738','2023-12-08 16:00:06.760738'),(293,2099,'34.142.196.144','2023-12-08 16:53:49.903158','2023-12-08 16:53:49.903158'),(294,2099,'34.142.196.144','2023-12-08 16:59:20.409458','2023-12-08 16:59:20.409458'),(295,7,'34.142.196.144','2023-12-08 17:46:48.091484','2023-12-08 17:46:48.091484'),(300,40,'34.142.196.144','2023-12-09 08:36:08.791513','2023-12-09 08:36:08.791513');
/*!40000 ALTER TABLE `login_histories` ENABLE KEYS */;
UNLOCK TABLES;

--
-- Table structure for table `post_comments`
--

DROP TABLE IF EXISTS `post_comments`;
/*!40101 SET @saved_cs_client     = @@character_set_client */;
/*!50503 SET character_set_client = utf8mb4 */;
CREATE TABLE `post_comments` (
  `id` bigint NOT NULL AUTO_INCREMENT,
  `post_id` bigint DEFAULT NULL,
  `user_id` bigint DEFAULT NULL,
  `content` longtext COMMENT 'Nội dung comment',
  `created_at` datetime(6) NOT NULL,
  `updated_at` datetime(6) NOT NULL,
  `comment_reply` int DEFAULT NULL COMMENT 'Id của bình luận cha',
  `likes_count` int DEFAULT '0' COMMENT 'Số like',
  `user_reply_name` varchar(255) DEFAULT NULL COMMENT 'Người dùng của bình luận cha',
  `user_reply_id` int DEFAULT NULL COMMENT 'Id người dùng của bình luận cha',
  `status` int DEFAULT NULL COMMENT 'Trạng thái comment',
  `label` int DEFAULT NULL COMMENT 'Label của comment',
  `error_list` json DEFAULT NULL COMMENT 'Danh sách lỗi vi phạm comment',
  `type_report` int DEFAULT NULL COMMENT 'Loại báo cáo của người dùng.',
  `time_report` datetime(6) DEFAULT NULL COMMENT 'Thời gian người dùng báo cáo.',
  `status_positive` int DEFAULT NULL COMMENT 'Trạng thái tích cực của comment.',
  PRIMARY KEY (`id`),
  KEY `index_post_comments_on_post_id` (`post_id`),
  KEY `index_post_comments_on_user_id` (`user_id`),
  CONSTRAINT `fk_rails_56efacbd2f` FOREIGN KEY (`user_id`) REFERENCES `users` (`id`),
  CONSTRAINT `fk_rails_bfdc8d8659` FOREIGN KEY (`post_id`) REFERENCES `posts` (`id`)
) ENGINE=InnoDB AUTO_INCREMENT=1183 DEFAULT CHARSET=utf8mb4 COLLATE=utf8mb4_0900_ai_ci;
/*!40101 SET character_set_client = @saved_cs_client */;

--
-- Dumping data for table `post_comments`
--

LOCK TABLES `post_comments` WRITE;
/*!40000 ALTER TABLE `post_comments` DISABLE KEYS */;
INSERT INTO `post_comments` VALUES (2,3,6,'comment 3','2023-10-04 14:32:26.346387','2023-10-04 14:32:26.346387',NULL,0,NULL,NULL,NULL,5,NULL,NULL,NULL,NULL),(3,3,6,'comment 4','2023-10-04 14:32:36.682662','2023-10-04 14:32:36.682662',NULL,0,NULL,NULL,NULL,5,NULL,NULL,NULL,NULL),(4,3,6,'comment 5','2023-10-04 14:32:44.772874','2023-10-04 14:32:44.772874',NULL,0,NULL,NULL,NULL,5,NULL,NULL,NULL,NULL),(5,7,6,'comment 6','2023-10-18 14:21:50.704199','2023-10-18 14:21:50.704199',NULL,0,NULL,NULL,NULL,5,NULL,NULL,NULL,NULL),(6,7,6,'comment 7','2023-10-18 14:23:02.851534','2023-10-18 14:23:02.851534',NULL,0,NULL,NULL,NULL,5,NULL,NULL,NULL,NULL),(8,14,39,'abc','2023-10-18 16:21:27.123903','2023-10-18 16:21:27.123903',NULL,0,NULL,NULL,NULL,5,NULL,NULL,NULL,NULL),(9,15,39,'It is a long established fact that a reader will be distracted by the readable content of a page when looking at its layout. ','2023-10-18 16:56:35.628047','2023-10-18 16:56:35.628047',NULL,0,NULL,NULL,NULL,5,NULL,NULL,NULL,NULL),(10,15,39,'It is a long established fact that a reader will be distracted by the readable content of a page when looking at its layout. ','2023-10-18 16:56:39.166714','2023-10-18 16:56:39.166714',NULL,0,NULL,NULL,NULL,5,NULL,NULL,NULL,NULL),(11,15,39,'It is a long established fact that a reader will be distracted by the readable content of a page when looking at its layout. ','2023-10-18 16:56:43.539574','2023-10-18 16:56:43.539574',NULL,0,NULL,NULL,NULL,5,NULL,NULL,NULL,NULL),(12,14,39,'It is a long established fact that a reader will be distracted by the readable content of a page when looking at its layout. ','2023-10-18 16:56:59.588356','2023-10-18 16:56:59.588356',NULL,0,NULL,NULL,NULL,5,NULL,NULL,NULL,NULL),(13,14,39,'It is a long established fact that a reader will be distracted by the readable content of a page when looking at its layout. ','2023-10-18 16:57:04.117646','2023-10-18 16:57:04.117646',NULL,0,NULL,NULL,NULL,5,NULL,NULL,NULL,NULL),(14,13,39,'abc','2023-10-18 16:57:15.802250','2023-10-18 16:57:15.802250',NULL,0,NULL,NULL,NULL,5,NULL,NULL,NULL,NULL),(15,13,39,'abc','2023-10-18 16:57:19.087090','2023-10-18 16:57:19.087090',NULL,0,NULL,NULL,NULL,5,NULL,NULL,NULL,NULL),(16,13,39,'abc','2023-10-18 16:57:21.349363','2023-11-19 08:37:34.221752',NULL,0,NULL,NULL,3,5,'\"[3]\"',NULL,NULL,NULL),(17,13,39,'abc','2023-10-18 16:57:26.556147','2023-10-18 16:57:26.556147',NULL,0,NULL,NULL,NULL,5,NULL,NULL,NULL,NULL),(18,12,39,'abc','2023-10-18 16:57:52.041168','2023-10-18 16:57:52.041168',NULL,0,NULL,NULL,NULL,5,NULL,NULL,NULL,NULL),(19,12,39,'abc','2023-10-18 16:57:54.451794','2023-10-18 16:57:54.451794',NULL,0,NULL,NULL,NULL,5,NULL,NULL,NULL,NULL),(20,12,39,'abc','2023-10-18 16:57:58.230177','2023-10-18 16:57:58.230177',NULL,0,NULL,NULL,NULL,5,NULL,NULL,NULL,NULL),(21,10,39,'abc','2023-10-18 17:00:46.624362','2023-10-18 17:00:46.624362',NULL,0,NULL,NULL,NULL,5,NULL,NULL,NULL,NULL),(22,12,39,'mnp','2023-10-18 17:02:40.334200','2023-10-18 17:02:40.334200',NULL,0,NULL,NULL,NULL,5,NULL,NULL,NULL,NULL),(23,12,39,'It is a long established fact that a reader will be distracted by the readable content of a page when looking at its layout.','2023-10-18 17:03:15.088156','2023-10-18 17:03:15.088156',NULL,0,NULL,NULL,NULL,5,NULL,NULL,NULL,NULL),(24,14,39,'Lorem Ipsum has been the industry\'s standard dummy text ever since the 1500s, when an unknown printer took a galley of type and scrambled it to make a type specimen book.','2023-10-18 18:22:07.369231','2023-10-18 18:22:07.369231',NULL,0,NULL,NULL,NULL,5,NULL,NULL,NULL,NULL),(25,14,39,'There are many variations of passages of Lorem Ipsum available, but the majority have suffered alteration in some form, by injected humour, or randomised words which don\'t look even slightly believable. ','2023-10-18 18:27:15.472794','2023-10-18 18:27:15.472794',NULL,0,NULL,NULL,NULL,5,NULL,NULL,NULL,NULL),(26,14,39,'There are many variations of passages of Lorem Ipsum available, but the majority have suffered alteration in some form, by injected humour, or randomised words which don\'t look even slightly believable.','2023-10-18 18:27:47.082798','2023-10-18 18:27:47.082798',NULL,0,NULL,NULL,NULL,5,NULL,NULL,NULL,NULL),(27,14,39,'There are many variations of passages of Lorem Ipsum available, but the majority have suffered alteration in some form, by injected humour, or randomised words which don\'t look even slightly believable. ','2023-10-18 18:27:59.012295','2023-12-01 16:11:31.885907',NULL,0,NULL,NULL,1,5,NULL,1,'2023-11-19 11:53:23.393472',NULL),(28,14,39,'It is a long established fact that a reader will be distracted by the readable content of a page when looking at its layout.','2023-10-18 18:28:27.657384','2023-10-18 18:28:27.657384',NULL,0,NULL,NULL,NULL,5,NULL,NULL,NULL,NULL),(29,15,39,'Đây là 1 comment gõ đàng hoàng và có xuống dòng','2023-10-18 18:32:58.077719','2023-10-18 18:32:58.077719',NULL,0,NULL,NULL,NULL,5,NULL,NULL,NULL,NULL),(30,9,39,'abc','2023-10-18 18:37:24.952762','2023-10-18 18:37:24.952762',NULL,0,NULL,NULL,NULL,5,NULL,NULL,NULL,NULL),(31,15,39,'abc','2023-10-18 18:48:59.177300','2023-10-18 18:48:59.177300',NULL,0,NULL,NULL,NULL,5,NULL,NULL,NULL,NULL),(32,15,39,'xyz','2023-10-18 18:49:06.274244','2023-10-18 18:49:06.274244',NULL,0,NULL,NULL,NULL,5,NULL,NULL,NULL,NULL),(33,15,39,'mnp','2023-10-18 18:49:42.646059','2023-10-18 18:49:42.646059',NULL,0,NULL,NULL,NULL,5,NULL,NULL,NULL,NULL),(34,15,39,'omp','2023-10-18 18:55:26.087302','2023-10-18 18:55:26.087302',NULL,0,NULL,NULL,NULL,5,NULL,NULL,NULL,NULL),(35,15,39,'oooo','2023-10-18 18:55:39.920478','2023-10-18 18:55:39.920478',NULL,0,NULL,NULL,NULL,5,NULL,NULL,NULL,NULL),(36,15,39,'tototot','2023-10-18 18:56:08.825982','2023-10-18 18:56:08.825982',NULL,0,NULL,NULL,NULL,5,NULL,NULL,NULL,NULL),(37,15,39,'ttttt','2023-10-18 18:56:14.641266','2023-10-18 18:56:14.641266',NULL,0,NULL,NULL,NULL,5,NULL,NULL,NULL,NULL),(38,14,39,'xyz','2023-10-19 03:49:34.284410','2023-10-19 03:49:34.284410',NULL,0,NULL,NULL,NULL,5,NULL,NULL,NULL,NULL),(39,15,39,'Use the addEventListener() method to attach a \"mouseover\" and \"mouseout\" event to a h1 element.','2023-10-19 07:41:51.307407','2023-10-19 07:41:51.307407',NULL,0,NULL,NULL,NULL,5,NULL,NULL,NULL,NULL),(40,15,39,'xyz\n','2023-10-19 07:47:35.342497','2023-10-19 07:47:35.342497',NULL,0,NULL,NULL,NULL,5,NULL,NULL,NULL,NULL),(41,15,39,'Comment co anh\n','2023-10-19 07:53:07.049139','2023-10-19 07:53:07.049139',NULL,0,NULL,NULL,NULL,5,NULL,NULL,NULL,NULL),(42,15,39,'Comment co anh 2','2023-10-19 07:56:47.037796','2023-10-19 07:56:47.037796',NULL,0,NULL,NULL,NULL,5,NULL,NULL,NULL,NULL),(43,15,39,'Comment co anh 3\n','2023-10-19 07:57:06.661289','2023-10-19 07:57:06.661289',NULL,0,NULL,NULL,NULL,5,NULL,NULL,NULL,NULL),(44,15,39,'abc\n','2023-10-19 08:19:50.433157','2023-10-19 08:19:50.433157',NULL,0,NULL,NULL,NULL,5,NULL,NULL,NULL,NULL),(45,15,39,'Comment co anh loi\n','2023-10-19 08:21:05.823056','2023-10-19 08:21:05.823056',NULL,0,NULL,NULL,NULL,5,NULL,NULL,NULL,NULL),(46,15,39,'Comment anh khong loi','2023-10-19 08:21:26.422137','2023-10-19 08:21:26.422137',NULL,0,NULL,NULL,NULL,5,NULL,NULL,NULL,NULL),(47,15,39,'Comment co anh oke\n','2023-10-19 08:23:29.895325','2023-10-19 08:23:29.895325',NULL,0,NULL,NULL,NULL,5,NULL,NULL,NULL,NULL),(48,15,39,'Comment co anh phu hop\n','2023-10-19 08:26:51.637675','2023-10-19 08:26:51.637675',NULL,0,NULL,NULL,NULL,5,NULL,NULL,NULL,NULL),(49,15,39,'Comment co anh phu hop khac dai hon\n','2023-10-19 08:28:56.809155','2023-10-19 08:28:56.809155',NULL,0,NULL,NULL,NULL,5,NULL,NULL,NULL,NULL),(50,11,7,'Bài viết hay','2023-10-20 05:51:06.811512','2023-10-20 05:51:06.811512',NULL,0,NULL,NULL,NULL,5,NULL,NULL,NULL,NULL),(51,11,7,'Bài viết hay','2023-10-20 05:51:06.818904','2023-10-20 05:51:06.818904',NULL,0,NULL,NULL,NULL,5,NULL,NULL,NULL,NULL),(52,14,6,'ttanh6 test cmt','2023-10-21 04:37:07.783173','2023-10-21 04:37:07.783173',NULL,0,NULL,NULL,NULL,5,NULL,NULL,NULL,NULL),(53,14,6,'ttanh6 test cmt with img','2023-10-21 04:37:33.605469','2023-10-21 04:37:33.605469',NULL,0,NULL,NULL,NULL,5,NULL,NULL,NULL,NULL),(54,14,6,'11h40 21/10','2023-10-21 04:41:18.036344','2023-10-21 04:41:18.036344',NULL,0,NULL,NULL,NULL,5,NULL,NULL,NULL,NULL),(55,16,39,'test com1','2023-10-21 08:19:21.920276','2023-10-21 08:19:21.920276',NULL,0,NULL,NULL,NULL,5,NULL,NULL,NULL,NULL),(56,16,39,'Test co anh\n','2023-10-21 08:19:38.583282','2023-10-21 08:19:38.583282',NULL,0,NULL,NULL,NULL,5,NULL,NULL,NULL,NULL),(57,14,39,'test 1','2023-10-21 08:22:46.555746','2023-10-21 08:22:46.555746',NULL,0,NULL,NULL,NULL,5,NULL,NULL,NULL,NULL),(58,14,39,'test 1\n','2023-10-21 08:23:02.331673','2023-10-21 08:23:02.331673',NULL,0,NULL,NULL,NULL,5,NULL,NULL,NULL,NULL),(59,14,39,'\n','2023-10-21 08:23:14.464662','2023-10-21 08:23:14.464662',NULL,0,NULL,NULL,NULL,5,NULL,NULL,NULL,NULL),(60,16,39,'test 2','2023-10-21 08:35:16.461081','2023-10-21 08:35:16.461081',NULL,0,NULL,NULL,NULL,5,NULL,NULL,NULL,NULL),(61,16,39,'test 3','2023-10-21 08:36:16.181842','2023-10-21 08:36:16.181842',NULL,0,NULL,NULL,NULL,5,NULL,NULL,NULL,NULL),(62,16,39,'test co anh nhung anh dieu\n','2023-10-21 08:41:01.430532','2023-10-21 08:41:01.430532',NULL,0,NULL,NULL,NULL,5,NULL,NULL,NULL,NULL),(63,16,39,'\n','2023-10-21 08:41:53.109005','2023-10-21 08:41:53.109005',NULL,0,NULL,NULL,NULL,5,NULL,NULL,NULL,NULL),(64,15,39,'\n','2023-10-21 08:42:26.421411','2023-10-21 08:42:26.421411',NULL,0,NULL,NULL,NULL,5,NULL,NULL,NULL,NULL),(65,15,39,'\n','2023-10-21 08:42:44.331966','2023-10-21 08:42:44.331966',NULL,0,NULL,NULL,NULL,5,NULL,NULL,NULL,NULL),(66,13,39,'','2023-10-21 09:03:04.990850','2023-10-21 09:03:04.990850',NULL,0,NULL,NULL,NULL,5,NULL,NULL,NULL,NULL),(67,14,6,'11h11 01/11','2023-11-01 14:31:31.100016','2023-11-01 14:31:31.100016',57,0,NULL,NULL,NULL,5,NULL,NULL,NULL,NULL),(68,14,6,'11h11 01/11','2023-11-02 12:10:32.203064','2023-11-02 12:10:32.203064',57,0,NULL,NULL,NULL,5,NULL,NULL,NULL,NULL),(69,14,6,'11h11 01/11','2023-11-02 12:10:46.846901','2023-11-02 12:10:46.846901',57,0,NULL,NULL,NULL,5,NULL,NULL,NULL,NULL),(70,14,6,'7h11 02/11','2023-11-02 12:11:23.458869','2023-11-02 12:11:23.458869',57,0,NULL,NULL,NULL,5,NULL,NULL,NULL,NULL),(71,14,6,'7h11 02/11','2023-11-02 12:27:15.739722','2023-11-02 12:27:15.739722',57,0,NULL,NULL,NULL,5,NULL,NULL,NULL,NULL),(72,14,6,'7h11 02/11','2023-11-02 12:27:30.193366','2023-11-02 12:27:30.193366',58,0,NULL,NULL,NULL,5,NULL,NULL,NULL,NULL),(73,14,39,'xyz','2023-11-02 16:11:13.458050','2023-11-02 16:11:13.458050',NULL,0,NULL,NULL,NULL,5,NULL,NULL,NULL,NULL),(74,14,39,'zyx','2023-11-02 16:11:28.940312','2023-11-02 16:11:28.940312',NULL,0,NULL,NULL,NULL,5,NULL,NULL,NULL,NULL),(75,14,39,'ooo','2023-11-02 16:15:36.127156','2023-11-02 16:15:36.127156',NULL,0,NULL,NULL,NULL,5,NULL,NULL,NULL,NULL),(76,14,39,'yyy','2023-11-02 16:15:50.301930','2023-11-02 16:15:50.301930',NULL,0,NULL,NULL,NULL,5,NULL,NULL,NULL,NULL),(77,14,39,'mmm','2023-11-02 16:16:34.001166','2023-11-02 16:16:34.001166',NULL,0,NULL,NULL,NULL,5,NULL,NULL,NULL,NULL),(78,14,39,'@@','2023-11-02 16:17:05.519272','2023-11-02 16:17:05.519272',NULL,0,NULL,NULL,NULL,5,NULL,NULL,NULL,NULL),(79,14,39,'Hehe','2023-11-02 16:17:56.643837','2023-11-02 16:17:56.643837',NULL,0,NULL,NULL,NULL,5,NULL,NULL,NULL,NULL),(80,14,39,'','2023-11-02 16:26:32.860219','2023-11-02 16:26:32.860219',79,0,NULL,NULL,NULL,5,NULL,NULL,NULL,NULL),(81,14,39,'==','2023-11-02 16:38:13.272614','2023-11-02 16:38:13.272614',78,0,NULL,NULL,NULL,5,NULL,NULL,NULL,NULL),(82,14,39,'TT','2023-11-02 16:42:29.903792','2023-11-02 16:42:29.903792',78,0,NULL,NULL,NULL,5,NULL,NULL,NULL,NULL),(83,14,39,'nnnn','2023-11-02 16:42:42.454714','2023-11-02 16:42:42.454714',77,0,NULL,NULL,NULL,5,NULL,NULL,NULL,NULL),(84,14,39,'kkkk','2023-11-02 16:42:59.351223','2023-11-02 16:42:59.351223',NULL,0,NULL,NULL,NULL,5,NULL,NULL,NULL,NULL),(85,14,39,'^^','2023-11-02 16:44:22.596373','2023-11-02 16:44:22.596373',78,0,NULL,NULL,NULL,5,NULL,NULL,NULL,NULL),(86,14,39,':v','2023-11-02 16:47:02.299386','2023-11-02 16:47:02.299386',54,0,NULL,NULL,NULL,5,NULL,NULL,NULL,NULL),(87,14,39,':((','2023-11-02 16:48:07.132099','2023-11-02 16:48:07.132099',54,0,NULL,NULL,NULL,5,NULL,NULL,NULL,NULL),(88,14,39,'Hhh','2023-11-02 16:48:34.462795','2023-11-02 16:48:34.462795',84,0,NULL,NULL,NULL,5,NULL,NULL,NULL,NULL),(89,14,39,':3','2023-11-02 16:50:02.578605','2023-11-02 16:50:02.578605',84,0,NULL,NULL,NULL,5,NULL,NULL,NULL,NULL),(90,14,39,'==','2023-11-02 16:50:30.776198','2023-11-02 16:50:30.776198',84,0,NULL,NULL,NULL,5,NULL,NULL,NULL,NULL),(91,14,39,'uuu','2023-11-02 16:51:24.449169','2023-11-02 16:51:24.449169',76,0,NULL,NULL,NULL,5,NULL,NULL,NULL,NULL),(92,14,39,'OO','2023-11-02 16:52:35.661140','2023-11-02 16:52:35.661140',27,0,NULL,NULL,NULL,5,NULL,NULL,NULL,NULL),(93,14,39,'test','2023-11-02 16:54:19.714866','2023-11-02 16:54:19.714866',NULL,0,NULL,NULL,NULL,5,NULL,NULL,NULL,NULL),(94,14,39,'Rep test','2023-11-02 16:54:25.865491','2023-11-02 16:54:25.865491',93,0,NULL,NULL,NULL,5,NULL,NULL,NULL,NULL),(95,14,39,'Rep test 2','2023-11-02 16:55:22.273787','2023-11-02 16:55:22.273787',93,0,NULL,NULL,NULL,5,NULL,NULL,NULL,NULL),(96,14,39,'Rep test 3','2023-11-02 16:56:00.364023','2023-11-02 16:56:00.364023',93,0,NULL,NULL,NULL,5,NULL,NULL,NULL,NULL),(97,14,39,'Rep test 3','2023-11-02 16:58:31.965807','2023-11-02 16:58:31.965807',93,0,NULL,NULL,NULL,5,NULL,NULL,NULL,NULL),(98,14,39,'Rep test 5','2023-11-02 17:00:44.158544','2023-11-02 17:00:44.158544',93,0,NULL,NULL,NULL,5,NULL,NULL,NULL,NULL),(99,14,39,'test 2','2023-11-02 17:01:12.918112','2023-11-02 17:01:12.918112',NULL,0,NULL,NULL,NULL,5,NULL,NULL,NULL,NULL),(100,14,39,'Rep test 2','2023-11-02 17:01:19.016164','2023-11-02 17:01:19.016164',99,0,NULL,NULL,NULL,5,NULL,NULL,NULL,NULL),(101,15,7,'xyz','2023-11-02 18:24:56.648373','2023-11-02 18:24:56.648373',44,0,NULL,NULL,NULL,5,NULL,NULL,NULL,NULL),(102,16,6,'Haha','2023-11-03 04:14:22.006577','2023-11-03 04:14:22.006577',62,0,NULL,NULL,NULL,5,NULL,NULL,NULL,NULL),(104,19,7,'Bài viết rất hay','2023-11-04 04:10:33.284091','2023-11-04 04:10:33.284091',NULL,0,NULL,NULL,NULL,5,NULL,NULL,NULL,NULL),(105,19,7,'Bài viết rất hay','2023-11-04 04:10:33.287273','2023-11-04 04:10:33.287273',NULL,0,NULL,NULL,NULL,5,NULL,NULL,NULL,NULL),(106,18,7,'Bài viết bổ ích. Good!!!','2023-11-04 04:11:25.958489','2023-11-04 04:11:25.958489',NULL,0,NULL,NULL,NULL,5,NULL,NULL,NULL,NULL),(107,18,7,'Tuyệt vời','2023-11-04 04:12:16.132831','2023-11-04 04:12:16.132831',106,0,NULL,NULL,NULL,5,NULL,NULL,NULL,NULL),(108,18,7,'Tuyệt vời','2023-11-04 04:12:16.139299','2023-11-04 04:12:16.139299',106,0,NULL,NULL,NULL,5,NULL,NULL,NULL,NULL),(109,18,7,'Hay quá ','2023-11-04 04:12:36.543008','2023-11-04 04:12:36.543008',106,0,NULL,NULL,NULL,5,NULL,NULL,NULL,NULL),(110,18,7,'Đẹp trai ','2023-11-04 04:15:03.571595','2023-11-04 04:15:03.571595',106,0,NULL,NULL,NULL,5,NULL,NULL,NULL,NULL),(111,19,7,'Đẹp trai ','2023-11-04 04:16:50.013368','2023-11-04 04:16:50.013368',NULL,0,NULL,NULL,NULL,5,NULL,NULL,NULL,NULL),(112,19,7,'Đẹp trai ','2023-11-04 04:59:46.189423','2023-11-04 04:59:46.189423',104,0,NULL,NULL,NULL,5,NULL,NULL,NULL,NULL),(113,16,39,'Oh oh','2023-11-04 05:58:11.965219','2023-11-04 05:58:11.965219',62,0,NULL,NULL,NULL,5,NULL,NULL,NULL,NULL),(114,20,7,'abc','2023-11-17 10:45:56.714888','2023-11-17 10:45:56.714888',NULL,0,NULL,NULL,NULL,5,NULL,NULL,NULL,NULL),(115,20,7,'xyz','2023-11-17 10:46:21.458772','2023-11-17 10:46:21.458772',114,0,'Trần Thế Anh',4,NULL,5,NULL,NULL,NULL,NULL),(116,17,7,'hehe','2023-11-17 10:49:44.183058','2023-11-17 10:49:44.183058',NULL,0,NULL,NULL,NULL,5,NULL,NULL,NULL,NULL),(117,23,7,'?','2023-11-17 10:50:27.428733','2023-11-17 10:50:27.428733',NULL,0,NULL,NULL,NULL,5,NULL,NULL,NULL,NULL),(118,20,7,'hoho','2023-11-17 10:51:05.556357','2023-11-17 10:51:05.556357',NULL,0,NULL,NULL,NULL,5,NULL,NULL,NULL,NULL),(119,24,7,'?','2023-11-17 10:55:45.453510','2023-11-19 08:31:44.845283',NULL,0,NULL,NULL,3,5,'\"[3]\"',NULL,NULL,NULL),(120,24,7,'!','2023-11-17 10:55:53.900250','2023-11-17 10:55:53.900250',119,0,'Trần Thế Anh',4,3,5,NULL,NULL,NULL,NULL),(122,31,140,'bài viết hay quá','2023-11-21 05:15:01.039840','2023-11-21 05:15:01.039840',NULL,0,NULL,NULL,NULL,NULL,NULL,NULL,NULL,NULL),(123,31,140,'bài viết bổ ích ','2023-11-21 05:15:19.404117','2023-11-21 05:15:19.404117',NULL,0,NULL,NULL,NULL,NULL,NULL,NULL,NULL,NULL),(124,31,140,'cảm ơn bạn ','2023-11-21 05:15:32.188770','2023-11-21 05:15:32.188770',123,0,'Nguyen Tung',67,NULL,NULL,NULL,NULL,NULL,NULL),(125,31,140,'So sánh sâu bướm này với sâu bướm thường ','2023-11-21 05:46:56.073503','2023-11-21 05:46:56.073503',NULL,0,NULL,NULL,NULL,NULL,NULL,NULL,NULL,NULL),(126,34,140,'Thú vị đấy ','2023-11-21 07:03:55.420437','2023-11-21 07:03:55.420437',NULL,0,NULL,NULL,NULL,NULL,NULL,NULL,NULL,NULL),(127,51,39,'abc','2023-11-23 14:50:07.817620','2023-11-23 14:50:07.817620',NULL,0,NULL,NULL,NULL,NULL,NULL,NULL,NULL,NULL),(128,59,39,'haha','2023-11-23 15:59:13.178021','2023-11-23 15:59:13.178021',NULL,0,NULL,NULL,NULL,NULL,NULL,NULL,NULL,NULL),(131,61,226,'111111','2023-11-24 15:32:47.992649','2023-11-24 15:33:15.121492',NULL,1,NULL,NULL,NULL,NULL,NULL,NULL,NULL,NULL),(132,61,226,'hhjhj','2023-11-24 15:33:22.426897','2023-11-24 15:34:01.329831',131,1,'phúc hà',97,NULL,NULL,NULL,NULL,NULL,NULL),(133,61,226,'fgdgff','2023-11-24 15:33:29.362524','2023-11-24 15:33:29.362524',131,0,'phúc hà',97,NULL,NULL,NULL,NULL,NULL,NULL),(134,62,226,'gh','2023-11-24 16:46:41.518481','2023-11-24 16:46:41.518481',NULL,0,NULL,NULL,NULL,NULL,NULL,NULL,NULL,NULL),(135,62,226,'nknn,','2023-11-24 16:49:06.594290','2023-11-24 16:49:06.594290',134,0,'phúc hà',97,NULL,NULL,NULL,NULL,NULL,NULL),(136,62,226,'kjkkj','2023-11-24 16:49:13.410567','2023-11-24 16:49:13.410567',134,0,'phúc hà',97,NULL,NULL,NULL,NULL,NULL,NULL),(137,62,226,'jnkjn','2023-11-24 16:49:19.692639','2023-11-24 16:49:19.692639',134,0,'phúc hà',97,NULL,NULL,NULL,NULL,NULL,NULL),(138,64,226,'hghhjj','2023-11-24 17:01:05.863672','2023-11-24 17:01:05.863672',NULL,0,NULL,NULL,NULL,NULL,NULL,NULL,NULL,NULL),(139,63,226,'sdfàdsf','2023-11-25 02:42:28.145263','2023-11-25 02:44:27.480893',NULL,1,NULL,NULL,NULL,NULL,NULL,NULL,NULL,NULL),(140,63,226,'gếdfsdfd','2023-11-25 02:43:18.746466','2023-11-25 02:43:18.746466',139,0,'phúc hà',97,NULL,NULL,NULL,NULL,NULL,NULL),(141,63,226,'sfađ','2023-11-25 02:43:42.741776','2023-11-25 02:43:42.741776',139,0,'phúc hà',97,NULL,NULL,NULL,NULL,NULL,NULL),(142,64,228,'123123','2023-11-25 16:03:40.728312','2023-11-25 16:03:40.728312',NULL,0,NULL,NULL,NULL,NULL,NULL,NULL,NULL,NULL),(144,16,39,'mention','2023-11-30 15:09:14.274973','2023-11-30 15:09:14.274973',61,0,'Test User',17,NULL,NULL,NULL,NULL,NULL,NULL),(146,840,2429,' bài viết vớ vẩn','2023-11-30 15:23:32.648430','2023-11-30 15:23:32.648430',NULL,0,NULL,NULL,NULL,NULL,NULL,NULL,NULL,NULL),(147,840,2429,'Bài viết không phù hợp với web ','2023-11-30 15:24:03.879630','2023-11-30 15:24:03.879630',NULL,0,NULL,NULL,NULL,NULL,NULL,NULL,NULL,NULL),(148,1152,140,'😀😀😀😀','2023-11-30 16:07:35.822072','2023-12-01 07:12:47.262339',NULL,2,NULL,NULL,NULL,NULL,NULL,NULL,NULL,NULL),(151,1152,39,'Hehe edited','2023-11-30 17:13:02.546848','2023-11-30 17:13:47.338283',NULL,0,NULL,NULL,NULL,NULL,NULL,NULL,NULL,NULL),(152,1152,39,'==','2023-11-30 17:13:55.262087','2023-11-30 17:13:55.262087',148,0,'Nguyen Tung',67,NULL,NULL,NULL,NULL,NULL,NULL),(153,1152,39,':))😑😗','2023-11-30 17:14:51.892449','2023-11-30 17:14:51.892449',151,0,'Test User',17,NULL,NULL,NULL,NULL,NULL,NULL),(154,1157,2430,'hi','2023-12-01 00:48:18.280005','2023-12-01 00:48:18.280005',NULL,0,NULL,NULL,NULL,NULL,NULL,NULL,NULL,NULL),(265,1156,2099,'jkjjkh','2023-12-01 07:10:34.724375','2023-12-01 07:10:34.724375',NULL,0,NULL,NULL,NULL,NULL,NULL,NULL,NULL,NULL),(266,1156,2099,'jkjjkh','2023-12-01 07:10:34.732420','2023-12-01 07:10:34.732420',NULL,0,NULL,NULL,NULL,NULL,NULL,NULL,NULL,NULL),(267,1152,2099,'?','2023-12-01 07:13:05.431165','2023-12-01 07:13:05.431165',148,0,'Test User',17,NULL,NULL,NULL,NULL,NULL,NULL),(378,59,39,'abc','2023-12-01 16:53:35.531891','2023-12-01 16:53:35.531891',NULL,0,NULL,NULL,NULL,NULL,NULL,NULL,NULL,NULL),(380,59,39,'mp','2023-12-01 16:58:30.550159','2023-12-01 16:58:30.550159',NULL,0,NULL,NULL,NULL,NULL,NULL,NULL,NULL,NULL),(382,59,39,'Ggw','2023-12-01 16:58:51.519392','2023-12-01 16:58:51.519392',378,0,'Test User',17,NULL,NULL,NULL,NULL,NULL,NULL),(384,26,39,'hi','2023-12-01 16:59:22.589113','2023-12-01 16:59:22.589113',NULL,0,NULL,NULL,NULL,NULL,NULL,NULL,NULL,NULL),(385,26,39,'he','2023-12-01 16:59:27.182113','2023-12-01 16:59:27.182113',384,0,'Test User',17,NULL,NULL,NULL,NULL,NULL,NULL),(386,26,39,'🙃🙃','2023-12-01 16:59:33.810578','2023-12-01 16:59:33.810578',NULL,0,'Test User',17,NULL,NULL,NULL,NULL,NULL,NULL),(387,1524,39,'Heeh🫠🫠🫠','2023-12-01 17:00:13.918909','2023-12-01 17:00:23.480972',NULL,1,NULL,NULL,NULL,NULL,NULL,NULL,NULL,NULL),(388,1524,39,'@@','2023-12-01 17:00:19.249017','2023-12-01 17:00:19.249017',387,0,'Test User',17,NULL,NULL,NULL,NULL,NULL,NULL),(453,1627,2099,'Bài viết rất bổ ích ','2023-12-02 05:48:50.277674','2023-12-02 05:48:50.277674',NULL,0,NULL,NULL,NULL,NULL,NULL,NULL,NULL,NULL),(454,1525,140,'Không hay','2023-12-02 05:51:58.509245','2023-12-02 05:51:58.509245',NULL,0,NULL,NULL,NULL,NULL,NULL,NULL,NULL,NULL),(595,1949,140,' Bài viết bổ ích ','2023-12-02 08:27:06.026637','2023-12-02 08:30:40.060472',NULL,1,NULL,NULL,NULL,NULL,NULL,NULL,NULL,NULL),(596,1949,2099,' Cảm ơn bạn ','2023-12-02 08:30:47.926268','2023-12-02 08:30:47.926268',595,0,'Nguyen Tung',67,NULL,NULL,NULL,NULL,NULL,NULL),(1039,2785,2099,'bai viet rat bo ich ','2023-12-08 10:14:39.629814','2023-12-08 10:27:23.606730',NULL,1,NULL,NULL,3,NULL,'\"[3]\"',1,'2023-12-08 10:26:47.406791',NULL),(1041,2785,4175,'cam on ban ','2023-12-08 10:16:30.645095','2023-12-08 10:16:30.645095',1039,0,'Nguyen Tung5',213,NULL,NULL,NULL,NULL,NULL,NULL),(1182,1949,2099,' bài viết không hay ','2023-12-09 08:34:16.844523','2023-12-09 08:34:16.844523',NULL,0,NULL,NULL,NULL,NULL,NULL,NULL,NULL,NULL);
/*!40000 ALTER TABLE `post_comments` ENABLE KEYS */;
UNLOCK TABLES;

--
-- Table structure for table `post_saves`
--

DROP TABLE IF EXISTS `post_saves`;
/*!40101 SET @saved_cs_client     = @@character_set_client */;
/*!50503 SET character_set_client = utf8mb4 */;
CREATE TABLE `post_saves` (
  `id` bigint NOT NULL AUTO_INCREMENT,
  `post_id` bigint DEFAULT NULL,
  `user_id` bigint DEFAULT NULL,
  `created_at` datetime(6) NOT NULL,
  `updated_at` datetime(6) NOT NULL,
  PRIMARY KEY (`id`),
  KEY `index_post_saves_on_post_id` (`post_id`),
  KEY `index_post_saves_on_user_id` (`user_id`),
  CONSTRAINT `fk_rails_1695edc20c` FOREIGN KEY (`user_id`) REFERENCES `users` (`id`) ON DELETE CASCADE,
  CONSTRAINT `fk_rails_cf31b7c3f1` FOREIGN KEY (`post_id`) REFERENCES `posts` (`id`) ON DELETE CASCADE
) ENGINE=InnoDB AUTO_INCREMENT=437 DEFAULT CHARSET=utf8mb4 COLLATE=utf8mb4_0900_ai_ci;
/*!40101 SET character_set_client = @saved_cs_client */;

--
-- Dumping data for table `post_saves`
--

LOCK TABLES `post_saves` WRITE;
/*!40000 ALTER TABLE `post_saves` DISABLE KEYS */;
INSERT INTO `post_saves` VALUES (4,23,7,'2023-11-15 16:07:22.341174','2023-11-15 16:07:22.341174'),(5,24,7,'2023-11-15 16:07:23.807232','2023-11-15 16:07:23.807232'),(6,16,7,'2023-11-15 16:07:29.060278','2023-11-15 16:07:29.060278'),(7,7,7,'2023-11-17 09:53:29.724978','2023-11-17 09:53:29.724978'),(9,52,140,'2023-11-23 15:02:08.189340','2023-11-23 15:02:08.189340'),(11,59,226,'2023-11-24 15:47:28.288449','2023-11-24 15:47:28.288449'),(12,839,2099,'2023-11-29 13:36:42.195462','2023-11-29 13:36:42.195462'),(199,1151,2099,'2023-11-30 15:32:02.443114','2023-11-30 15:32:02.443114'),(200,839,2430,'2023-12-01 00:49:38.888022','2023-12-01 00:49:38.888022'),(239,1157,2099,'2023-12-01 06:48:09.009396','2023-12-01 06:48:09.009396'),(245,1524,39,'2023-12-01 16:59:58.343305','2023-12-01 16:59:58.343305'),(246,1151,39,'2023-12-01 17:01:38.753139','2023-12-01 17:01:38.753139');
/*!40000 ALTER TABLE `post_saves` ENABLE KEYS */;
UNLOCK TABLES;

--
-- Table structure for table `post_tags`
--

DROP TABLE IF EXISTS `post_tags`;
/*!40101 SET @saved_cs_client     = @@character_set_client */;
/*!50503 SET character_set_client = utf8mb4 */;
CREATE TABLE `post_tags` (
  `id` bigint NOT NULL AUTO_INCREMENT,
  `post_id` bigint DEFAULT NULL,
  `tag_id` bigint DEFAULT NULL,
  `created_at` datetime(6) NOT NULL,
  `updated_at` datetime(6) NOT NULL,
  PRIMARY KEY (`id`),
  KEY `index_post_tags_on_post_id` (`post_id`),
  KEY `index_post_tags_on_tag_id` (`tag_id`),
  CONSTRAINT `fk_rails_c9d8c5063e` FOREIGN KEY (`tag_id`) REFERENCES `tags` (`id`),
  CONSTRAINT `fk_rails_fdf74b486b` FOREIGN KEY (`post_id`) REFERENCES `posts` (`id`)
) ENGINE=InnoDB DEFAULT CHARSET=utf8mb4 COLLATE=utf8mb4_0900_ai_ci;
/*!40101 SET character_set_client = @saved_cs_client */;

--
-- Dumping data for table `post_tags`
--

LOCK TABLES `post_tags` WRITE;
/*!40000 ALTER TABLE `post_tags` DISABLE KEYS */;
/*!40000 ALTER TABLE `post_tags` ENABLE KEYS */;
UNLOCK TABLES;

--
-- Table structure for table `posts`
--

DROP TABLE IF EXISTS `posts`;
/*!40101 SET @saved_cs_client     = @@character_set_client */;
/*!50503 SET character_set_client = utf8mb4 */;
CREATE TABLE `posts` (
  `id` bigint NOT NULL AUTO_INCREMENT,
  `user_id` bigint DEFAULT NULL COMMENT 'Bài viết được đặt trên Profile User này',
  `sender_id` bigint DEFAULT NULL COMMENT 'Bài viết được gửi từ ai, có thể là chính user_id',
  `content` longtext COMMENT 'Nội dung bài viết',
  `status` int DEFAULT NULL COMMENT 'Trạng thái bài viết: Hoạt động, tạm khóa, ...',
  `created_at` datetime(6) NOT NULL,
  `updated_at` datetime(6) NOT NULL,
  `comments_count` int DEFAULT '0' COMMENT 'Số lượng comment',
  `likes_count` int DEFAULT '0' COMMENT 'Số lượng biểu cảm',
  `shares_count` int DEFAULT '0' COMMENT 'Số lượng share',
  `share_id` bigint DEFAULT NULL COMMENT 'Chia sẻ bài viết',
  `label` int DEFAULT NULL COMMENT 'Label của post ',
  `error_list` json DEFAULT NULL COMMENT 'Danh sách lỗi vi phạm post ',
  `type_report` int DEFAULT NULL COMMENT 'Loại báo cáo của người dùng.',
  `time_report` datetime(6) DEFAULT NULL COMMENT 'Thời gian người dùng báo cáo.',
  PRIMARY KEY (`id`),
  KEY `index_posts_on_user_id` (`user_id`),
  KEY `index_posts_on_sender_id` (`sender_id`),
  KEY `index_posts_on_share_id` (`share_id`),
  CONSTRAINT `fk_rails_480f50b0cf` FOREIGN KEY (`share_id`) REFERENCES `posts` (`id`),
  CONSTRAINT `fk_rails_5b5ddfd518` FOREIGN KEY (`user_id`) REFERENCES `users` (`id`) ON DELETE CASCADE,
  CONSTRAINT `fk_rails_89cff6814e` FOREIGN KEY (`sender_id`) REFERENCES `users` (`id`) ON DELETE CASCADE
) ENGINE=InnoDB AUTO_INCREMENT=3168 DEFAULT CHARSET=utf8mb4 COLLATE=utf8mb4_0900_ai_ci;
/*!40101 SET character_set_client = @saved_cs_client */;

--
-- Dumping data for table `posts`
--

LOCK TABLES `posts` WRITE;
/*!40000 ALTER TABLE `posts` DISABLE KEYS */;
INSERT INTO `posts` VALUES (3,7,6,'test cập nhật bài',3,'2023-10-03 15:40:00.278000','2023-11-19 05:17:40.002516',3,0,2,NULL,1,NULL,NULL,NULL),(7,6,6,'Cập nhậtfa bài viết',3,'2023-10-04 13:02:54.917520','2023-11-30 16:59:06.920002',2,1,0,NULL,5,'\"[1]\"',2,NULL),(9,7,7,'Động vật là một phần quan trọng của hệ sinh thái trái đất, đa dạng về loài và vai trò. Chúng có khả năng thích nghi với môi trường sống và thực hiện các nhiệm vụ quan trọng trong quá trình duy trì cân bằng tự nhiên. Một số loài động vật, như cá voi và báo đốm, thể hiện sự thông minh và tương tác xã hội phức tạp. Tuy nhiên, động vật hiện đang đối mặt với nhiều thách thức, như mất môi trường sống và đe dọa tuyệt chủng do hoạt động con người. Bảo vệ và quản lý đúng cách các loài động vật là một trách nhiệm quan trọng của chúng ta để bảo vệ sự đa dạng của hành tinh này và đảm bảo tương lai bền vững cho tất cả các loài sống. #kienthuc',2,'2023-10-09 17:14:06.062803','2023-12-08 10:30:03.781805',1,0,0,NULL,5,'\"[3,1]\"',2,'2023-12-08 10:30:03.773928'),(10,7,7,'Động vật là một phần quan trọng của hệ sinh thái trái đất, đa dạng về loài và vai trò. Chúng có khả năng thích nghi với môi trường sống và thực hiện các nhiệm vụ quan trọng trong quá trình duy trì cân bằng tự nhiên. Một số loài động vật, như cá voi và báo đốm, thể hiện sự thông minh và tương tác xã hội phức tạp.',3,'2023-10-10 07:23:39.151383','2023-11-19 09:31:14.827296',1,0,0,NULL,5,'\"[1]\"',NULL,NULL),(11,7,7,'Động vật là một phần quan trọng của hệ sinh thái trái đất, đa dạng về loài và vai trò. Chúng có khả năng thích nghi với môi trường sống và thực hiện các nhiệm vụ quan trọng trong quá trình duy trì cân bằng tự nhiên. Một số loài động vật, như cá voi và báo đốm, thể hiện sự thông minh và tương tác xã hội phức tạp.',1,'2023-10-10 07:25:32.630514','2023-11-17 11:48:55.886528',1,0,1,NULL,2,NULL,NULL,NULL),(12,7,7,'Động vật là một phần quan trọng của hệ sinh thái trái đất, đa dạng về loài và vai trò. Chúng có khả năng thích nghi với môi trường sống và thực hiện các nhiệm vụ quan trọng trong quá trình duy trì cân bằng tự nhiên. Một số loài động vật, như cá voi và báo đốm, thể hiện sự thông minh và tương tác xã hội phức tạp.',1,'2023-10-10 08:51:10.925328','2023-10-18 18:44:04.127417',5,0,0,NULL,5,NULL,NULL,NULL),(13,7,7,'Động vật là một phần quan trọng của hệ sinh thái trái đất, đa dạng về loài và vai trò. Chúng có khả năng thích nghi với môi trường sống và thực hiện các nhiệm vụ quan trọng trong quá trình duy trì cân bằng tự nhiên. Một số loài động vật, như cá voi và báo đốm, thể hiện sự thông minh và tương tác xã hội phức tạp. ',1,'2023-10-10 09:32:12.093522','2023-10-21 09:03:05.299830',5,0,0,NULL,5,NULL,NULL,NULL),(14,7,7,'Niềm vui đơn giản: Chó đáng yêu của tôi đang chạy quẩy trong công viên.',1,'2023-10-14 00:05:22.856040','2023-11-03 15:45:27.136985',47,0,0,NULL,3,NULL,NULL,NULL),(15,7,7,'Động vật là một phần quan trọng của hệ sinh thái trái đất, đa dạng về loài và vai trò. Chúng có khả năng thích nghi với môi trường sống và thực hiện các nhiệm vụ quan trọng trong quá trình duy trì cân bằng tự nhiên. Một số loài động vật, như cá voi và báo đốm, thể hiện sự thông minh và tương tác xã hội phức tạp. ',1,'2023-10-14 08:32:24.345016','2023-11-19 09:10:40.377190',25,0,1,NULL,3,NULL,NULL,NULL),(16,7,7,'Loài cá heo nước ngọt Irrawaddy - hay còn được gọi ở Việt Nam với cái tên Cá nược Minh Hải, Cá Heo Lào đã tuyệt chủng vào ngày hôm kia 15/2, do cá thể cuối cùng bị mắc vào lưới đánh cá.',1,'2023-10-14 08:38:20.291137','2023-11-30 15:09:14.501733',9,0,1,NULL,3,NULL,NULL,NULL),(17,7,7,'So sánh bộ xương của con người và khỉ đột có khá nhiều điểm tương đồng nhưng có một số điểm khác biệt chính. Cả hai đều có cấu trúc xương cơ bản giống nhau, hộp sọ, cột sống, lồng ngực, hai cánh tay và hai chân. Tuy nhiên, bộ xương của khỉ đột có nhiều khả năng thích nghi với lối sống của nó.',1,'2023-10-20 18:39:26.215240','2023-11-17 10:49:44.215430',1,0,0,NULL,5,NULL,NULL,NULL),(18,7,7,'Bọ cạp hoàng đế, Pandinus imperator, là một loài sống trong các khu rừng nhiệt đới và thảo nguyên ở Tây Phi. Nó có thể dài tới 20 cm và nặng tới 28g, khiến nó trở thành một trong những loài bọ cạp lớn nhất thế giới. Nó có bộ xương ngoài màu đen sáng bóng, những chiếc càng mạnh mẽ và một chiếc ngòi độc ở cuối chiếc đuôi dài. Tuy nhiên, nọc độc của nó rất nhẹ và hiếm khi được sử dụng vì nó thích dùng cặp càng to bự để nghiền nát con mồi hơn.',3,'2023-10-20 20:02:26.389517','2023-11-04 04:15:03.844306',4,0,0,NULL,5,'\"[1,2,3]\"',NULL,NULL),(19,7,7,'Đây là cá đầu cừu, một loài cá với bộ răng đặc biệt. Vì chế độ ăn của cá đầu cừu bao gồm động vật thân mềm và động vật giáp xác nên răng hàm của chúng giúp nghiền nát lớp vỏ cứng của con mồi. Đặc biệt là chúng có thể nhai được những con Hà.',1,'2023-11-01 08:13:44.102596','2023-11-04 04:59:46.464731',3,0,0,NULL,5,NULL,NULL,NULL),(20,7,7,'chia sẻ bài viếtr',1,'2023-11-15 14:34:46.513486','2023-11-17 10:51:05.578261',3,1,0,3,5,NULL,NULL,NULL),(21,7,7,'chia sẻ bài viếtr',1,'2023-11-15 14:44:33.586394','2023-11-17 10:52:28.406049',0,1,0,3,4,NULL,NULL,NULL),(23,7,7,'chia sẻ bài viếtr',1,'2023-11-15 14:51:25.534195','2023-11-22 20:00:51.245108',1,0,1,3,5,NULL,NULL,NULL),(24,7,7,'chia sẻ bài viếtr',1,'2023-11-15 14:53:40.840703','2023-11-17 10:55:53.922283',2,1,0,3,5,NULL,NULL,NULL),(25,39,39,'Động vật là một phần quan trọng của hệ sinh thái trái đất, đa dạng về loài và vai trò. Chúng có khả năng thích nghi với môi trường sống và thực hiện các nhiệm vụ quan trọng trong quá trình duy trì cân bằng tự nhiên. Một số loài động vật, như cá voi và báo đốm, thể hiện sự thông minh và tương tác xã hội phức tạp.',2,'2023-11-17 11:48:55.906679','2023-11-23 15:59:13.203744',1,0,0,11,5,NULL,2,'2023-11-19 11:48:04.800895'),(26,39,39,'Loài cá heo nước ngọt Irrawaddy - hay còn được gọi ở Việt Nam với cái tên Cá nược Minh Hải, Cá Heo Lào đã tuyệt chủng vào ngày hôm kia 15/2, do cá thể cuối cùng bị mắc vào lưới đánh cá.',1,'2023-11-17 11:51:24.446491','2023-12-01 16:59:33.839314',3,0,0,16,5,NULL,NULL,NULL),(27,39,39,'Động vật là một phần quan trọng của hệ sinh thái trái đất, đa dạng về loài và vai trò. Chúng có khả năng thích nghi với môi trường sống và thực hiện các nhiệm vụ quan trọng trong quá trình duy trì cân bằng tự nhiên. Một số loài động vật, như cá voi và báo đốm, thể hiện sự thông minh và tương tác xã hội phức tạp. ',1,'2023-11-17 11:51:59.888935','2023-11-30 16:59:15.281572',0,0,0,15,5,NULL,2,'2023-11-20 23:49:57.145589'),(30,7,7,'T1 vô địch....',1,'2023-11-19 11:51:15.225740','2023-11-22 14:29:20.575553',0,0,1,3,5,NULL,NULL,NULL),(31,140,140,'Đây là sâu bướm flannel - được tìm thấy ở miền Nam nước Mỹ. Chúng có nhiều màu sắc khác nhau - trắng, nâu, rám nắng, cam.\nẨn mình trong bộ lông sang trọng này là những chiếc gai chứa nọc độc, đặc biệt là những tế bào có nọc độc như sứa. Dính độc của loài động vật này sẽ vô cùng đau đớn.',1,'2023-11-19 17:48:49.517655','2023-11-23 15:51:38.372669',3,1,1,NULL,5,NULL,NULL,NULL),(33,7,7,'con mèo này rất xinh',1,'2023-11-20 23:40:09.681027','2023-11-23 15:53:20.985459',0,1,4,NULL,1,NULL,NULL,NULL),(34,140,140,'Năm 2010, sau đợt tan băng mạnh ở một số khu vực của Siberia, Nga, người ta đã phát hiện một con voi ma mút lông xù tuyệt đẹp nặng một tấn. Sau 39.000 năm nằm trong băng,......',1,'2023-11-20 16:51:00.236383','2023-11-23 16:01:26.374905',2,1,4,NULL,NULL,NULL,NULL,NULL),(44,7,7,'con mèo này rất xinh',1,'2023-11-22 20:00:51.471719','2023-11-23 12:56:59.923792',0,1,0,3,NULL,NULL,NULL,NULL),(51,140,140,'Loài thú mỏ vịt nổi tiếng là một trong số ít loài động vật có vú đẻ trứng và cũng là một trong số ít loài động vật có vú có nọc độc . \nNhững con đực có một bộ phận kích thích trên chân sau, tiết ra nọc độc có thể gây đau đớn cho các loài khác, cơn đau sẽ dữ dội, giống như hàng trăm vết đốt của ong bắp cày, khiến nạn nhân bất lực trong nhiều tuần.',1,'2023-11-23 14:13:20.451623','2023-11-23 15:57:44.838726',1,0,2,NULL,NULL,NULL,NULL,NULL),(52,7,7,'test thời gian',3,'2023-11-23 14:27:09.186373','2023-11-30 16:59:27.004342',0,1,2,NULL,NULL,'\"[3]\"',1,'2023-11-23 15:13:19.767892'),(53,39,39,NULL,1,'2023-11-23 15:51:38.394336','2023-12-01 16:59:13.125066',0,0,0,31,NULL,NULL,NULL,NULL),(57,39,39,NULL,1,'2023-11-23 15:58:04.616145','2023-12-01 17:34:40.619100',0,2,1,34,NULL,NULL,NULL,NULL),(59,39,39,NULL,3,'2023-11-23 15:58:24.863941','2023-12-01 17:17:01.042508',4,2,0,52,NULL,'\"[3]\"',1,'2023-11-24 15:47:45.664170'),(60,226,226,NULL,1,'2023-11-24 15:20:00.384446','2023-11-24 15:24:23.325943',0,1,0,34,NULL,NULL,NULL,NULL),(61,226,226,NULL,1,'2023-11-24 15:31:07.463637','2023-11-24 15:33:29.382917',3,1,0,33,NULL,NULL,NULL,NULL),(62,226,226,'dfsdfsdf',1,'2023-11-24 15:37:35.263337','2023-11-24 16:49:19.719134',4,1,0,NULL,NULL,NULL,NULL,NULL),(63,226,226,'sldjflsdjflskdf',1,'2023-11-24 15:40:25.494332','2023-11-25 02:43:42.765072',3,1,1,NULL,NULL,NULL,NULL,NULL),(64,226,226,'nvbkhflhgl',1,'2023-11-24 15:40:57.739412','2023-11-25 16:04:35.499156',2,2,1,63,NULL,NULL,NULL,NULL),(837,7,NULL,'mèo con',1,'2023-11-27 14:28:34.236807','2023-11-27 14:28:34.236807',0,0,0,NULL,NULL,NULL,NULL,NULL),(838,7,NULL,'mèo con',1,'2023-11-27 14:28:48.676899','2023-11-27 14:28:48.676899',0,0,0,NULL,NULL,NULL,NULL,NULL),(839,140,NULL,'dadadsadadsa',1,'2023-11-29 13:18:13.014636','2023-11-30 15:22:44.776296',0,1,0,NULL,NULL,NULL,NULL,NULL),(840,2099,NULL,'nhà động vật.',1,'2023-11-29 15:20:55.219008','2023-11-30 15:24:03.904434',2,3,0,NULL,NULL,NULL,NULL,NULL),(1151,2429,NULL,'Con voi lớn nhất từng được ghi nhận là một con voi đực châu Phi nặng 24.000 pound (10.886 kg) và cao tới vai 13 feet (4 mét). Nó bị săn bắt ở Angola vào năm 1974 và được gọi là \"voi thảo nguyên\"....',2,'2023-11-30 15:18:45.839578','2023-12-01 17:11:19.451291',0,1,1,NULL,NULL,NULL,2,'2023-11-30 16:48:19.039017'),(1152,2099,NULL,'nkjfkjsjkf',1,'2023-11-30 15:52:14.910883','2023-12-01 07:13:05.454346',5,2,0,NULL,2,NULL,NULL,NULL),(1156,140,NULL,'😅😉😄dsfdsfsf',3,'2023-11-30 16:40:55.996942','2023-12-02 04:56:06.220683',1,2,1,NULL,NULL,'\"[3]\"',1,'2023-12-02 04:55:51.515389'),(1157,2430,NULL,NULL,1,'2023-12-01 00:43:45.445835','2023-12-01 00:48:18.305256',1,1,0,1156,NULL,NULL,NULL,NULL),(1524,2099,NULL,'g',1,'2023-12-01 07:22:28.641100','2023-12-01 17:00:19.275468',2,0,0,NULL,NULL,NULL,2,'2023-12-01 16:10:52.240422'),(1525,2099,NULL,'Con mèo ',3,'2023-12-01 07:26:47.059999','2023-12-08 10:28:50.467173',1,1,0,NULL,5,'\"[3]\"',1,'2023-12-08 10:27:54.660729'),(1627,2099,NULL,'Con voi lớn nhất từng được ghi nhận là một con voi đực châu Phi nặng 24.000 pound (10.886 kg) và cao tới vai 13 feet (4 mét). Nó bị săn bắt ở Angola vào năm 1974 và được gọi là \"voi thảo nguyên\".',1,'2023-12-01 10:46:48.850733','2023-12-07 12:58:15.014939',1,2,1,NULL,NULL,NULL,NULL,NULL),(1949,140,NULL,'Con voi lớn nhất từng được ghi nhận là một con voi đực châu Phi nặng 24.000 pound (10.886 kg) và cao tới vai 13 feet (4 mét). Nó bị săn bắt ở Angola vào năm 1974 và được gọi là \"voi thảo nguyên\".',1,'2023-12-02 08:26:27.885846','2023-12-09 08:34:16.871967',3,3,0,NULL,1,NULL,NULL,NULL),(2785,4175,NULL,'Hổ là một trong những loài mèo lớn thu hút sự ngưỡng mộ của con người nhờ vẻ đẹp dũng mãnh và bí ẩn. Hổ có bộ lông với những đốm sọc đen trên nền cam rực rỡ, mỗi cá thể có họa tiết sọc khác nhau, giúp chúng ẩn mình tốt trong môi trường sống. Chúng thường sống đơn độc và làm chủ lãnh thổ rộng lớn. Hổ không chỉ là biểu tượng của sức mạnh mà còn là linh vật quan trọng trong nhiều nền văn hóa Á Đông, tượng trưng cho sức mạnh và may mắn. Hiện nay, hổ đang đối mặt với nguy cơ tuyệt chủng do mất môi trường sống và săn trộm. Các nỗ lực bảo tồn đang được thực hiện để đảm bảo tương lai cho loài vật quý giá này.',1,'2023-12-08 09:42:06.819507','2023-12-08 13:24:28.678362',2,1,0,NULL,NULL,NULL,NULL,NULL);
/*!40000 ALTER TABLE `posts` ENABLE KEYS */;
UNLOCK TABLES;

--
-- Table structure for table `reacts`
--

DROP TABLE IF EXISTS `reacts`;
/*!40101 SET @saved_cs_client     = @@character_set_client */;
/*!50503 SET character_set_client = utf8mb4 */;
CREATE TABLE `reacts` (
  `id` bigint NOT NULL AUTO_INCREMENT,
  `type_react` int DEFAULT NULL COMMENT 'Loại của react',
  `created_at` datetime(6) NOT NULL,
  `updated_at` datetime(6) NOT NULL,
  PRIMARY KEY (`id`)
) ENGINE=InnoDB AUTO_INCREMENT=36 DEFAULT CHARSET=utf8mb4 COLLATE=utf8mb4_0900_ai_ci;
/*!40101 SET character_set_client = @saved_cs_client */;

--
-- Dumping data for table `reacts`
--

LOCK TABLES `reacts` WRITE;
/*!40000 ALTER TABLE `reacts` DISABLE KEYS */;
INSERT INTO `reacts` VALUES (1,1,'2023-10-12 20:19:05.326137','2023-10-12 20:19:24.847567'),(2,2,'2023-10-12 20:20:04.829022','2023-10-12 20:20:08.070254'),(3,3,'2023-10-12 20:20:13.031527','2023-10-12 20:20:14.657811'),(4,4,'2023-10-12 20:20:19.352031','2023-10-12 20:20:20.956657'),(5,5,'2023-10-12 20:20:25.230826','2023-10-12 20:20:26.740813'),(6,6,'2023-10-12 20:20:38.616914','2023-10-12 20:20:40.303269');
/*!40000 ALTER TABLE `reacts` ENABLE KEYS */;
UNLOCK TABLES;

--
-- Table structure for table `reacts_post_comments`
--

DROP TABLE IF EXISTS `reacts_post_comments`;
/*!40101 SET @saved_cs_client     = @@character_set_client */;
/*!50503 SET character_set_client = utf8mb4 */;
CREATE TABLE `reacts_post_comments` (
  `id` bigint NOT NULL AUTO_INCREMENT,
  `post_comment_id` bigint NOT NULL,
  `react_id` bigint NOT NULL,
  `user_id` bigint NOT NULL,
  `created_at` datetime(6) NOT NULL,
  `updated_at` datetime(6) NOT NULL,
  PRIMARY KEY (`id`),
  KEY `index_reacts_post_comments_on_post_comment_id` (`post_comment_id`),
  KEY `index_reacts_post_comments_on_react_id` (`react_id`),
  KEY `index_reacts_post_comments_on_user_id` (`user_id`),
  CONSTRAINT `fk_rails_26aa557c30` FOREIGN KEY (`post_comment_id`) REFERENCES `post_comments` (`id`),
  CONSTRAINT `fk_rails_87ec675edc` FOREIGN KEY (`react_id`) REFERENCES `reacts` (`id`),
  CONSTRAINT `fk_rails_9eaea1e485` FOREIGN KEY (`user_id`) REFERENCES `users` (`id`)
) ENGINE=InnoDB AUTO_INCREMENT=144 DEFAULT CHARSET=utf8mb4 COLLATE=utf8mb4_0900_ai_ci;
/*!40101 SET character_set_client = @saved_cs_client */;

--
-- Dumping data for table `reacts_post_comments`
--

LOCK TABLES `reacts_post_comments` WRITE;
/*!40000 ALTER TABLE `reacts_post_comments` DISABLE KEYS */;
INSERT INTO `reacts_post_comments` VALUES (3,58,5,6,'2023-11-01 14:01:55.252418','2023-11-01 14:01:55.252418'),(4,57,5,6,'2023-11-01 14:02:01.401197','2023-11-01 14:02:01.401197'),(5,59,1,6,'2023-11-01 14:20:01.881853','2023-11-01 14:20:01.881853'),(6,67,1,6,'2023-11-01 14:31:52.192521','2023-11-01 14:31:52.192521'),(7,70,1,40,'2023-11-03 15:30:36.916173','2023-11-03 15:30:36.916173'),(9,131,1,226,'2023-11-24 15:33:15.094585','2023-11-24 15:33:15.094585'),(10,132,1,226,'2023-11-24 15:34:01.305430','2023-11-24 15:34:01.305430'),(11,139,3,226,'2023-11-25 02:44:27.455148','2023-11-25 02:44:27.455148'),(12,148,1,140,'2023-11-30 16:07:39.645218','2023-11-30 16:07:39.645218'),(13,148,1,2099,'2023-12-01 07:12:47.237164','2023-12-01 07:12:47.237164'),(17,387,2,39,'2023-12-01 17:00:23.450706','2023-12-01 17:00:23.450706'),(81,595,1,2099,'2023-12-02 08:30:40.034156','2023-12-02 08:30:40.034156'),(131,1039,2,4175,'2023-12-08 10:15:58.157623','2023-12-08 10:15:58.157623');
/*!40000 ALTER TABLE `reacts_post_comments` ENABLE KEYS */;
UNLOCK TABLES;

--
-- Table structure for table `reacts_posts`
--

DROP TABLE IF EXISTS `reacts_posts`;
/*!40101 SET @saved_cs_client     = @@character_set_client */;
/*!50503 SET character_set_client = utf8mb4 */;
CREATE TABLE `reacts_posts` (
  `id` bigint NOT NULL AUTO_INCREMENT,
  `post_id` bigint NOT NULL,
  `react_id` bigint NOT NULL,
  `user_id` bigint NOT NULL,
  `created_at` datetime(6) NOT NULL,
  `updated_at` datetime(6) NOT NULL,
  PRIMARY KEY (`id`),
  KEY `index_reacts_posts_on_post_id` (`post_id`),
  KEY `index_reacts_posts_on_react_id` (`react_id`),
  KEY `index_reacts_posts_on_user_id` (`user_id`),
  CONSTRAINT `fk_rails_08b29b100d` FOREIGN KEY (`user_id`) REFERENCES `users` (`id`),
  CONSTRAINT `fk_rails_59a2fe661a` FOREIGN KEY (`post_id`) REFERENCES `posts` (`id`),
  CONSTRAINT `fk_rails_ac1d2f3517` FOREIGN KEY (`react_id`) REFERENCES `reacts` (`id`)
) ENGINE=InnoDB AUTO_INCREMENT=234 DEFAULT CHARSET=utf8mb4 COLLATE=utf8mb4_0900_ai_ci;
/*!40101 SET character_set_client = @saved_cs_client */;

--
-- Dumping data for table `reacts_posts`
--

LOCK TABLES `reacts_posts` WRITE;
/*!40000 ALTER TABLE `reacts_posts` DISABLE KEYS */;
INSERT INTO `reacts_posts` VALUES (3,3,2,6,'2023-10-18 13:40:53.717199','2023-10-18 13:41:15.006619'),(5,7,1,7,'2023-10-18 13:42:36.415453','2023-10-18 14:43:14.507361'),(6,15,4,39,'2023-10-19 05:45:29.053886','2023-11-04 06:13:49.268495'),(7,15,5,6,'2023-10-19 06:36:43.512730','2023-10-19 06:37:41.172832'),(8,9,2,6,'2023-10-19 09:02:36.526208','2023-10-19 09:02:36.526208'),(9,11,4,6,'2023-10-19 09:02:42.278265','2023-10-19 09:02:42.278265'),(10,13,5,6,'2023-10-19 09:02:54.511362','2023-10-19 09:02:54.511362'),(11,17,2,7,'2023-10-20 19:25:18.505402','2023-11-17 10:50:15.381585'),(12,18,1,7,'2023-10-20 20:03:34.712812','2023-10-20 20:03:34.712812'),(13,14,3,6,'2023-10-21 07:55:57.267133','2023-10-21 07:55:57.267133'),(14,16,5,39,'2023-10-21 08:19:03.741882','2023-10-21 08:35:26.429602'),(15,14,3,39,'2023-10-21 08:22:39.969346','2023-10-21 08:22:39.969346'),(16,13,4,7,'2023-10-23 10:02:37.451924','2023-10-23 10:02:37.451924'),(17,19,2,7,'2023-11-01 08:23:22.435516','2023-11-14 14:11:01.282635'),(18,7,1,40,'2023-11-03 15:28:02.873727','2023-11-03 15:28:02.873727'),(19,9,2,7,'2023-11-04 02:29:17.474391','2023-11-04 02:29:19.569454'),(20,13,5,39,'2023-11-04 06:00:38.278103','2023-11-04 06:00:38.278103'),(21,16,3,6,'2023-11-04 06:11:45.631689','2023-11-04 06:11:45.631689'),(37,20,4,7,'2023-11-17 10:46:27.052496','2023-11-17 10:46:27.052496'),(38,21,4,7,'2023-11-17 10:52:28.383427','2023-11-17 10:52:28.383427'),(39,24,6,7,'2023-11-17 10:52:48.818792','2023-11-17 10:55:40.948782'),(42,44,2,140,'2023-11-23 12:56:59.899396','2023-11-23 12:56:59.899396'),(43,33,1,140,'2023-11-23 12:57:04.861390','2023-11-23 12:57:04.861390'),(44,34,2,140,'2023-11-23 12:57:06.721734','2023-11-23 12:57:06.721734'),(45,31,2,140,'2023-11-23 12:57:09.182494','2023-11-23 12:57:09.182494'),(46,52,2,6,'2023-11-23 14:41:48.245713','2023-11-23 14:41:48.245713'),(48,7,1,226,'2023-11-24 15:10:01.114530','2023-11-24 15:10:01.114530'),(49,57,1,226,'2023-11-24 15:19:46.716258','2023-11-24 15:19:46.716258'),(51,59,1,226,'2023-11-24 15:24:17.937367','2023-11-24 15:28:54.909476'),(52,60,3,226,'2023-11-24 15:24:23.301507','2023-11-24 15:24:23.301507'),(53,61,1,226,'2023-11-24 15:31:48.447583','2023-11-24 15:31:48.447583'),(54,64,2,226,'2023-11-24 16:05:45.423299','2023-11-24 16:05:45.423299'),(55,62,1,226,'2023-11-24 16:48:19.853794','2023-11-24 16:48:19.853794'),(56,63,2,226,'2023-11-25 02:41:34.045507','2023-11-25 02:49:45.142950'),(57,64,4,228,'2023-11-25 16:02:59.355722','2023-11-25 16:03:30.049743'),(58,840,2,2099,'2023-11-30 00:30:45.151683','2023-11-30 00:30:45.151683'),(59,840,4,39,'2023-11-30 13:44:47.144145','2023-11-30 13:44:47.144145'),(60,1151,5,2429,'2023-11-30 15:22:35.254595','2023-11-30 15:22:35.254595'),(61,840,2,2429,'2023-11-30 15:22:39.412606','2023-11-30 15:22:39.412606'),(62,839,6,2429,'2023-11-30 15:22:44.751507','2023-11-30 15:22:44.751507'),(63,1152,2,39,'2023-11-30 17:15:15.625352','2023-11-30 17:15:15.625352'),(64,1152,6,2430,'2023-12-01 00:44:07.594465','2023-12-01 00:44:07.594465'),(65,1156,2,2430,'2023-12-01 00:44:11.843325','2023-12-01 00:50:09.650351'),(66,1157,3,2430,'2023-12-01 00:47:31.048315','2023-12-01 00:47:35.284732'),(167,1156,2,2099,'2023-12-01 07:10:39.080765','2023-12-01 07:10:39.080765'),(168,1627,5,39,'2023-12-01 17:05:19.494770','2023-12-01 17:05:19.494770'),(169,59,4,39,'2023-12-01 17:17:01.016775','2023-12-01 17:17:01.016775'),(170,57,3,39,'2023-12-01 17:34:40.592039','2023-12-01 17:34:40.592039'),(182,1949,2,140,'2023-12-02 08:26:52.707518','2023-12-02 08:26:52.707518'),(183,1949,1,2099,'2023-12-05 10:37:50.259321','2023-12-05 10:37:50.259321'),(217,1949,1,226,'2023-12-07 11:46:00.329805','2023-12-07 11:46:09.441873'),(220,1627,2,226,'2023-12-07 12:58:14.988147','2023-12-07 12:58:30.413335'),(221,1525,2,4175,'2023-12-08 10:24:09.097400','2023-12-08 10:24:09.097400'),(222,2785,4,226,'2023-12-08 13:24:28.435595','2023-12-08 13:24:28.435595');
/*!40000 ALTER TABLE `reacts_posts` ENABLE KEYS */;
UNLOCK TABLES;

--
-- Table structure for table `schema_migrations`
--

DROP TABLE IF EXISTS `schema_migrations`;
/*!40101 SET @saved_cs_client     = @@character_set_client */;
/*!50503 SET character_set_client = utf8mb4 */;
CREATE TABLE `schema_migrations` (
  `version` varchar(255) NOT NULL,
  PRIMARY KEY (`version`)
) ENGINE=InnoDB DEFAULT CHARSET=utf8mb4 COLLATE=utf8mb4_0900_ai_ci;
/*!40101 SET character_set_client = @saved_cs_client */;

--
-- Dumping data for table `schema_migrations`
--

LOCK TABLES `schema_migrations` WRITE;
/*!40000 ALTER TABLE `schema_migrations` DISABLE KEYS */;
INSERT INTO `schema_migrations` VALUES ('20230918151146'),('20230923102648'),('20230925124911'),('20230925141603'),('20230928140201'),('20231001120727'),('20231001122239'),('20231001124134'),('20231001125840'),('20231001125849'),('20231002140524'),('20231002234147'),('20231002234630'),('20231003133615'),('20231003141751'),('20231003155823'),('20231004140404'),('20231009131554'),('20231017161432'),('20231017161629'),('20231018141218'),('20231021050839'),('20231101135725'),('20231104064225'),('20231108213508'),('20231115141509'),('20231115153348'),('20231116142934'),('20231118014344'),('20231118143412'),('20231118153918'),('20231119111806'),('20231119114215'),('20231201153138');
/*!40000 ALTER TABLE `schema_migrations` ENABLE KEYS */;
UNLOCK TABLES;

--
-- Table structure for table `tags`
--

DROP TABLE IF EXISTS `tags`;
/*!40101 SET @saved_cs_client     = @@character_set_client */;
/*!50503 SET character_set_client = utf8mb4 */;
CREATE TABLE `tags` (
  `id` bigint NOT NULL AUTO_INCREMENT,
  `text` varchar(255) DEFAULT NULL COMMENT 'Tên tag',
  `created_at` datetime(6) NOT NULL,
  `updated_at` datetime(6) NOT NULL,
  PRIMARY KEY (`id`)
) ENGINE=InnoDB DEFAULT CHARSET=utf8mb4 COLLATE=utf8mb4_0900_ai_ci;
/*!40101 SET character_set_client = @saved_cs_client */;

--
-- Dumping data for table `tags`
--

LOCK TABLES `tags` WRITE;
/*!40000 ALTER TABLE `tags` DISABLE KEYS */;
/*!40000 ALTER TABLE `tags` ENABLE KEYS */;
UNLOCK TABLES;

--
-- Table structure for table `user_infos`
--

DROP TABLE IF EXISTS `user_infos`;
/*!40101 SET @saved_cs_client     = @@character_set_client */;
/*!50503 SET character_set_client = utf8mb4 */;
CREATE TABLE `user_infos` (
  `id` bigint NOT NULL AUTO_INCREMENT,
  `user_id` bigint DEFAULT NULL,
  `first_name` varchar(255) DEFAULT NULL COMMENT 'Họ',
  `last_name` varchar(255) DEFAULT NULL COMMENT 'Tên',
  `full_name` varchar(255) DEFAULT NULL COMMENT 'Tên ghép từ Họ và Tên',
  `phone_number` varchar(255) DEFAULT NULL COMMENT 'Số điện thoại',
  `date_of_birth` date DEFAULT NULL COMMENT 'Ngày sinh',
  `gender` tinyint DEFAULT NULL COMMENT 'Giới tính',
  `join_date` datetime(6) DEFAULT NULL COMMENT 'Ngày tham gia app',
  `last_login` datetime(6) DEFAULT NULL COMMENT 'Thời gian lần đăng nhập cuối cùng',
  `address` varchar(255) DEFAULT NULL COMMENT 'Địa chỉ',
  `bio` varchar(255) DEFAULT NULL COMMENT 'Giới thiệu cá nhân ngắn gọn',
  `relationship_status` tinyint DEFAULT NULL COMMENT 'Tình trạng mối quan hệ: Độc thân, hẹn hò, ...',
  `created_at` datetime(6) NOT NULL,
  `updated_at` datetime(6) NOT NULL,
  `avatar_url` longtext,
  PRIMARY KEY (`id`),
  KEY `index_user_infos_on_user_id` (`user_id`),
  CONSTRAINT `fk_rails_ed96de4cb0` FOREIGN KEY (`user_id`) REFERENCES `users` (`id`)
) ENGINE=InnoDB AUTO_INCREMENT=471 DEFAULT CHARSET=utf8mb4 COLLATE=utf8mb4_0900_ai_ci;
/*!40101 SET character_set_client = @saved_cs_client */;

--
-- Dumping data for table `user_infos`
--

LOCK TABLES `user_infos` WRITE;
/*!40000 ALTER TABLE `user_infos` DISABLE KEYS */;
INSERT INTO `user_infos` VALUES (1,6,'theanh','Thế Em','theanh Thế Em',NULL,NULL,1,NULL,NULL,NULL,NULL,NULL,'2023-09-24 06:58:09.340709','2023-10-12 22:45:38.124408','https://s3-ap-southeast-1.amazonaws.com/social-media-image/a164rfp4ncpxsg11e8mrpdudtzi6'),(4,7,'Trần Thế','Anh','Trần Thế Anh','01923123','2002-09-05',0,'2002-09-06 00:00:00.000000',NULL,'Ha Noi','Bạn đang cảm thấy đơn độc và đang tìm kiếm tình yêu? Đừng lo lắng! Chúng tôi có thể giúp bạn bắt đầu cuộc hành trình tìm kiếm người yêu.',NULL,'2023-09-24 07:20:58.743664','2023-10-14 08:25:02.348194','https://s3-ap-southeast-1.amazonaws.com/social-media-image/kjswuzjmkxfh259dv9eztkelh17p'),(14,37,'User','Test','User Test',NULL,'2023-09-13',NULL,NULL,NULL,NULL,NULL,NULL,'2023-10-07 08:13:45.204553','2023-10-09 13:01:37.195946','https://s3-ap-southeast-1.amazonaws.com/social-media-image/2va5sn6i4o9pato1x4e6v9paj033'),(15,38,'Thị','Hằng','Thị Hằng',NULL,NULL,NULL,NULL,NULL,NULL,NULL,NULL,'2023-10-09 13:05:59.738530','2023-10-09 13:05:59.738530',NULL),(16,8,'User','Test','User Test',NULL,'2002-12-16',NULL,NULL,NULL,NULL,NULL,NULL,'2023-10-09 00:00:00.000000','2023-10-09 13:15:32.698808','https://s3-ap-southeast-1.amazonaws.com/social-media-image/2va5sn6i4o9pato1x4e6v9paj033'),(17,39,'Test','User','Test User',NULL,'2002-09-27',1,NULL,NULL,'','',NULL,'2023-10-09 14:14:11.003455','2023-12-08 09:09:47.352908','https://s3-ap-southeast-1.amazonaws.com/social-media-image/jc475yjwcybyjy6q8cxrsy7r1iuy'),(18,40,'Trần','Anh','Trần Anh',NULL,NULL,NULL,NULL,NULL,'111',NULL,NULL,'2023-11-03 13:43:15.414721','2023-11-03 15:11:46.240449',NULL),(19,42,'Trần','Anh','Trần Anh',NULL,NULL,NULL,NULL,NULL,NULL,NULL,NULL,'2023-11-03 15:04:33.562980','2023-11-03 15:04:33.562980',NULL),(65,138,'Trần','Anh','Trần Anh',NULL,NULL,NULL,NULL,NULL,NULL,NULL,NULL,'2023-11-18 22:56:39.344064','2023-11-18 22:56:39.344064',NULL),(66,139,'Trần','Anh','Trần Anh',NULL,NULL,NULL,NULL,NULL,NULL,NULL,NULL,'2023-11-18 22:57:11.059196','2023-11-18 22:57:11.059196',NULL),(67,140,'Nguyen','Tung','Nguyen Tung',NULL,NULL,NULL,NULL,NULL,'Ha Noi','Tôi yêu động vật ',NULL,'2023-11-19 17:44:54.997097','2023-12-02 08:30:15.242727','https://s3-ap-southeast-1.amazonaws.com/social-media-image/lpfqz3kk1cdlvemy7t04c3g82d9g'),(96,225,'Nguyen','Tung','Nguyen Tung',NULL,NULL,NULL,NULL,NULL,NULL,NULL,NULL,'2023-11-23 15:06:05.723156','2023-11-23 15:06:05.723156',NULL),(97,226,'phúc','hà','phúc hà',NULL,NULL,NULL,NULL,NULL,NULL,NULL,NULL,'2023-11-24 14:44:02.655439','2023-11-24 14:44:02.655439',NULL),(98,227,'Hang','Dao','Hang Dao',NULL,NULL,NULL,NULL,NULL,NULL,NULL,NULL,'2023-11-24 14:47:59.200945','2023-11-24 14:47:59.200945',NULL),(99,228,'us','Uk','us Uk',NULL,NULL,NULL,NULL,NULL,NULL,NULL,NULL,'2023-11-25 16:01:22.248867','2023-11-25 16:01:22.248867',NULL),(212,2098,'Dao','Hang','Dao Hang',NULL,NULL,NULL,NULL,NULL,NULL,NULL,NULL,'2023-11-27 16:11:04.940971','2023-11-27 16:11:04.940971',NULL),(213,2099,'Nguyen','Tung5','Nguyen Tung5',NULL,'2023-12-08',1,NULL,NULL,'Ha Noi','',NULL,'2023-11-29 13:32:48.006121','2023-12-08 09:13:08.494145',NULL),(240,2429,'Nguyen','Tung4','Nguyen Tung4',NULL,'2023-03-05',0,NULL,NULL,'Ha Noi','Tôi là người yêu động vật.',NULL,'2023-11-30 15:13:44.016708','2023-12-02 05:49:48.080846','https://s3-ap-southeast-1.amazonaws.com/social-media-image/pmkedn4dogui7f0j6elzx88v5dot'),(241,2430,'hoang','duong ','hoang duong ',NULL,NULL,NULL,NULL,NULL,NULL,NULL,NULL,'2023-12-01 00:43:18.258595','2023-12-01 00:43:18.258595',NULL),(351,4175,'Phạm','Sơn','Phạm Sơn',NULL,NULL,NULL,NULL,NULL,NULL,NULL,NULL,'2023-12-08 09:37:23.679208','2023-12-08 09:37:23.679208',NULL);
/*!40000 ALTER TABLE `user_infos` ENABLE KEYS */;
UNLOCK TABLES;

--
-- Table structure for table `users`
--

DROP TABLE IF EXISTS `users`;
/*!40101 SET @saved_cs_client     = @@character_set_client */;
/*!50503 SET character_set_client = utf8mb4 */;
CREATE TABLE `users` (
  `id` bigint NOT NULL AUTO_INCREMENT,
  `email` varchar(255) DEFAULT NULL,
  `role` int DEFAULT NULL,
  `password_digest` varchar(255) DEFAULT NULL,
  `created_at` datetime(6) NOT NULL,
  `updated_at` datetime(6) NOT NULL,
  `last_time_active` datetime(6) DEFAULT NULL COMMENT 'Thời gian tương tác cuối cùng của người dùng.',
  PRIMARY KEY (`id`),
  UNIQUE KEY `index_users_on_email` (`email`)
) ENGINE=InnoDB AUTO_INCREMENT=4789 DEFAULT CHARSET=utf8mb4 COLLATE=utf8mb4_0900_ai_ci;
/*!40101 SET character_set_client = @saved_cs_client */;

--
-- Dumping data for table `users`
--

LOCK TABLES `users` WRITE;
/*!40000 ALTER TABLE `users` DISABLE KEYS */;
INSERT INTO `users` VALUES (6,'theanh090602@gmail.com',2,'$2a$12$EH7YA8a7unPaAZLNq5q0DuzUcByj1tqNZgSeVYvKBRHWLgz/2cQg2','2023-09-23 12:16:37.810610','2023-12-09 08:35:12.830296','2023-12-09 08:35:12.821319'),(7,'theanh962@gmail.com',1,'$2a$12$Vcu7Ehd3knlztkUeiomS1uo7Qjtn544eP.6tJiiwnJ3j6xcFOwwI.','2023-09-24 07:05:04.053661','2023-12-09 06:05:11.519677','2023-12-09 06:05:11.512311'),(8,'test@gmail.com',2,'$2a$12$XieUjWgNYwCSSC0JoCkQbOb9C.DeywMo7rUKBmDV8QaUX54OFx/Jm','2023-09-27 07:51:26.562421','2023-09-27 07:51:26.562421',NULL),(37,'test123456@gmail.com',2,'$2a$12$tw1sLR2p4pny4QM0P5mL.OyVFFpGCpLsOmyfKRciyjP8pFXKa/CxC','2023-10-07 08:13:44.681532','2023-10-07 08:13:44.681532',NULL),(38,'test1231456@gmail.com',2,'$2a$12$UdBFLZxrN0DczHULEYT1UutkyXwt9tMqS5/Xz.EUVpqJA0gaX/VUG','2023-10-09 13:05:59.546262','2023-10-09 13:05:59.546262',NULL),(39,'test-user@gmail.com',2,'$2a$12$cD3ytlT5EQ.QDpLUMS8eGeF/FC6NsERFSjMFCDj4JttJjgIRBWKue','2023-10-09 14:14:10.772162','2023-12-08 09:16:29.975604','2023-12-08 09:16:29.967696'),(40,'ttanh6@gmail.com',1,'$2a$12$rDNG/trwUP7Pc.Z5Ng.a0OdvkrLD3bSeKDURxAH/x6t/UprBdvmDa','2023-11-03 13:43:15.099725','2023-12-09 08:40:20.161531','2023-12-09 08:40:20.153027'),(42,'ttanh612@gmail.com',2,'$2a$12$7ZwH1N1wtbU8sSR2PuMJr.kD7nj44mCECGjDjlcyzzlLXKzApO9Lu','2023-11-03 15:04:33.151881','2023-11-03 15:04:33.151881',NULL),(138,'ttanh6121@gmail.com',2,'$2a$12$5GtJLSlTKSmJlk8HggEVTe8VU7ahefipfef92juiG3zLMzYmeoQYG','2023-11-18 22:56:38.901433','2023-11-18 22:56:39.563388',NULL),(139,'ttanh61211@gmail.com',2,'$2a$12$sMgc4U1gS1aqC3V9JNUAieZAajTCHMZPG7w4Crnvh2LHENRq21Ft.','2023-11-18 22:57:10.658117','2023-11-18 22:57:11.568925',NULL),(140,'tungrok7@gmail.com',2,'$2a$12$5x9sSR.TD5bm75iylAc0a.AOISaarE9C.bocjIiKgEHVdm2b9rJi6','2023-11-19 17:44:54.971364','2023-12-02 08:30:19.868881','2023-12-02 08:30:19.859763'),(225,'tungrok6@gmail.com',1,'$2a$12$1Dv7SaXbVSUtbr5ILko2neXZeSRRRZe3ApWK9WxQJ.ZHOOm3BZTza','2023-11-23 15:06:05.686234','2023-12-08 10:32:58.058787','2023-12-08 10:32:58.051264'),(226,'habuiphuc@gmail.com',2,'$2a$12$LtD9I.2PDHqoyj4znwSULe0DD/Q98pyOzBoqBrAVZ0DG1wrxep1R.','2023-11-24 14:44:02.606512','2023-12-09 04:34:55.055388','2023-12-09 04:34:55.047361'),(227,'daohang@gmail.com',2,'$2a$12$ZhpttOiZKyyjCZv1ic3/V.EsqEz4vK8j0nAco.oR7SGV.SseTyNN.','2023-11-24 14:47:59.179653','2023-12-08 09:36:44.022012','2023-12-08 09:36:44.012015'),(228,'alice@gmail.com',2,'$2a$12$.SEDUqKdD8x4owE.Oav0QedS.0eYU5UqK34Gb.KxxrqnrXjDG40Km','2023-11-25 16:01:22.224200','2023-11-25 16:10:02.930350','2023-11-25 16:10:02.921342'),(2098,'daothuhang@gmail.com',2,'$2a$12$cSqNz1cNY24rrkcCqgDjpeiahzElnkDcx5MaeuaSkc8gvEA7uUke6','2023-11-27 16:11:04.904974','2023-12-01 17:43:23.525078','2023-12-01 17:43:23.514414'),(2099,'tungrok5@gmail.com',2,'$2a$12$TWF3Pf8usAc1/ogZjk9VG.ltVgcc7bCkQeT5PEhje3Xg1g01jAnn2','2023-11-29 13:32:47.967241','2023-12-09 08:34:17.205102','2023-12-09 08:34:17.196641'),(2429,'tungrok4@gmail.com',2,'$2a$12$Dro007EAOV5YkI2lYH.D8OQXbfZUNldOM05sIGlMn2E79Gd1Pirmi','2023-11-30 15:13:43.945048','2023-12-02 05:49:52.083249','2023-12-02 05:49:52.075404'),(2430,'maytinh@gmail.com',2,'$2a$12$D/xFq28myHjpd9/Er/yZF.G.ARVGaoaslQOOA74MJS/7eg/q8GQLK','2023-12-01 00:43:18.180828','2023-12-01 00:50:09.783858','2023-12-01 00:50:09.775179'),(4175,'phamtienson02@gmail.com',2,'$2a$12$MBiou/qB6td1d309z5vC8OhMo47ieIPFnQuVZu0Osw24yjPMuCIEO','2023-12-08 09:37:23.655995','2023-12-08 10:30:03.801943','2023-12-08 10:30:03.794870');
/*!40000 ALTER TABLE `users` ENABLE KEYS */;
UNLOCK TABLES;
/*!40103 SET TIME_ZONE=@OLD_TIME_ZONE */;

/*!40101 SET SQL_MODE=@OLD_SQL_MODE */;
/*!40014 SET FOREIGN_KEY_CHECKS=@OLD_FOREIGN_KEY_CHECKS */;
/*!40014 SET UNIQUE_CHECKS=@OLD_UNIQUE_CHECKS */;
/*!40101 SET CHARACTER_SET_CLIENT=@OLD_CHARACTER_SET_CLIENT */;
/*!40101 SET CHARACTER_SET_RESULTS=@OLD_CHARACTER_SET_RESULTS */;
/*!40101 SET COLLATION_CONNECTION=@OLD_COLLATION_CONNECTION */;
/*!40111 SET SQL_NOTES=@OLD_SQL_NOTES */;

-- Dump completed on 2023-12-09 21:20:01
